CCD,contrast,effect,EM_effect,CM_effect,overall_pvalue,overall_qvalue,max_pip,contrast_max_pip,Naive_effect,Low_effect,High_effect
ADGRA2-1,EM_vs_CM,0.17251063497251107,-0.1268463994015997,-0.29935703437411076,0.0,0.0,1.0,1.0,,,
ADGRA2-1,Naive_vs_CM,0.5328388582554306,,-0.29935703437411076,0.0,0.0,1.0,1.0,0.23348182388131988,,
ADGRA2-1,Naive_vs_EM,0.3603282232829196,-0.1268463994015997,,0.0,0.0,1.0,1.0,0.23348182388131988,,
ADGRA2-1,PD1Low_vs_PD1High,-0.11060990441468828,,,0.0,0.0,1.0,1.0,,-0.11954548883880767,-0.008935584424119384
ADGRE3-1,EM_vs_CM,0.17721844567936684,0.06307969888834575,-0.1141387467910211,0.0,0.0,1.0,1.0,,,
ADGRE3-1,Naive_vs_CM,0.04005438133580641,,-0.1141387467910211,0.0,0.0,1.0,1.0,-0.07408436545521468,,
ADGRE3-1,Naive_vs_EM,-0.13716406434356043,0.06307969888834575,,0.0,0.0,1.0,1.0,-0.07408436545521468,,
ADGRE3-1,PD1Low_vs_PD1High,0.05695016972772001,,,0.0,0.0,1.0,1.0,,-0.013239386255436672,-0.07018955598315668
ADGRE4P-1,EM_vs_CM,0.09481936996020929,0.08744552622168772,-0.007373843738521568,0.0,0.0,1.0,1.0,,,
ADGRE4P-1,Naive_vs_CM,-0.1494218273686767,,-0.007373843738521568,0.0,0.0,1.0,1.0,-0.15679567110719828,,
ADGRE4P-1,Naive_vs_EM,-0.244241197328886,0.08744552622168772,,0.0,0.0,1.0,1.0,-0.15679567110719828,,
ADGRE4P-1,PD1Low_vs_PD1High,0.4930920910315866,,,0.0,0.0,1.0,1.0,,0.2209713826411159,-0.27212070839047064
ADGRL2-1,EM_vs_CM,-0.217146477069798,0.07475354798130612,0.29190002505110413,0.0,0.0,1.0,1.0,,,
ADGRL2-1,Naive_vs_CM,-0.9001773873259853,,0.29190002505110413,0.0,0.0,1.0,1.0,-0.6082773622748812,,
ADGRL2-1,Naive_vs_EM,-0.6830309102561873,0.07475354798130612,,0.0,0.0,1.0,1.0,-0.6082773622748812,,
ADGRL2-1,PD1Low_vs_PD1High,0.45624393047984957,,,0.0,0.0,1.0,1.0,,0.14758070215910116,-0.30866322832074844
AVPR2-1,EM_vs_CM,0.057507181067436686,-0.0345614183524271,-0.09206859941986378,0.0,0.0,1.0,1.0,,,
AVPR2-1,Naive_vs_CM,0.19260120606566633,,-0.09206859941986378,0.0,0.0,1.0,1.0,0.10053260664580255,,
AVPR2-1,Naive_vs_EM,0.13509402499822964,-0.0345614183524271,,0.0,0.0,1.0,1.0,0.10053260664580255,,
AVPR2-1,PD1Low_vs_PD1High,-0.20677199394428603,,,0.0,0.0,1.0,1.0,,-0.1120851340143058,0.09468685992998023
CASR-1,EM_vs_CM,0.04902644692033409,0.0031644144590293743,-0.045862032461304714,1.6484296503616595e-277,2.0116429631532117e-277,1.0,1.0,,,
CASR-1,Naive_vs_CM,0.0658169513666026,,-0.045862032461304714,1.6484296503616595e-277,2.0116429631532117e-277,1.0,1.0,0.01995491890529788,,
CASR-1,Naive_vs_EM,0.016790504446268506,0.0031644144590293743,,1.6484296503616595e-277,2.0116429631532117e-277,1.0,1.0,0.01995491890529788,,
CASR-1,PD1Low_vs_PD1High,0.26185736816700567,,,1.6484296503616595e-277,2.0116429631532117e-277,1.0,1.0,,0.12334778438451033,-0.1385095837824953
CELSR1-1,EM_vs_CM,-0.4193120587261413,-0.04519335821410053,0.37411870051204077,0.0,0.0,1.0,1.0,,,
CELSR1-1,Naive_vs_CM,-0.8668901049695764,,0.37411870051204077,0.0,0.0,1.0,1.0,-0.49277140445753564,,
CELSR1-1,Naive_vs_EM,-0.4475780462434351,-0.04519335821410053,,0.0,0.0,1.0,1.0,-0.49277140445753564,,
CELSR1-1,PD1Low_vs_PD1High,0.6025013645056343,,,0.0,0.0,1.0,1.0,,0.24663532819961867,-0.3558660363060156
CXCR4-1,EM_vs_CM,0.047975529879343504,-0.16147158299511788,-0.20944711287446138,0.0,0.0,1.0,1.0,,,
CXCR4-1,Naive_vs_CM,0.432712946745913,,-0.20944711287446138,0.0,0.0,1.0,1.0,0.2232658338714516,,
CXCR4-1,Naive_vs_EM,0.3847374168665695,-0.16147158299511788,,0.0,0.0,1.0,1.0,0.2232658338714516,,
CXCR4-1,PD1Low_vs_PD1High,-0.11731938048154511,,,0.0,0.0,1.0,1.0,,-0.10787731090681511,0.009442069574730002
EDNRA-1,EM_vs_CM,0.12568001002578033,-0.0517485873483825,-0.17742859737416283,0.0,0.0,1.0,1.0,,,
EDNRA-1,Naive_vs_CM,0.2699919665595395,,-0.17742859737416283,0.0,0.0,1.0,1.0,0.09256336918537666,,
EDNRA-1,Naive_vs_EM,0.14431195653375917,-0.0517485873483825,,0.0,0.0,1.0,1.0,0.09256336918537666,,
EDNRA-1,PD1Low_vs_PD1High,-0.01900379077191198,,,0.0,0.0,1.0,1.0,,-0.05503983389834555,-0.03603604312643357
GABBR2-1,EM_vs_CM,0.34979960616905453,0.10990838194503455,-0.23989122422401998,3.6891480571343034e-292,4.579632070925343e-292,1.0,1.0,,,
GABBR2-1,Naive_vs_CM,0.2585926750391814,,-0.23989122422401998,3.6891480571343034e-292,4.579632070925343e-292,1.0,1.0,0.01870145081516139,,
GABBR2-1,Naive_vs_EM,-0.09120693112987316,0.10990838194503455,,3.6891480571343034e-292,4.579632070925343e-292,1.0,1.0,0.01870145081516139,,
GABBR2-1,PD1Low_vs_PD1High,0.13397885137938775,,,3.6891480571343034e-292,4.579632070925343e-292,1.0,1.0,,0.029895628535085872,-0.1040832228443019
GNRHR-1,EM_vs_CM,0.013991467272511882,-0.010490025387136948,-0.02448149265964883,3.0730119372412837e-136,3.2066211519039485e-136,1.0,1.0,,,
GNRHR-1,Naive_vs_CM,0.01010794818241012,,-0.02448149265964883,3.0730119372412837e-136,3.2066211519039485e-136,1.0,0.9999998257875837,-0.014373544477238709,,
GNRHR-1,Naive_vs_EM,-0.0038835190901017613,-0.010490025387136948,,3.0730119372412837e-136,3.2066211519039485e-136,1.0,1.0,-0.014373544477238709,,
GNRHR-1,PD1Low_vs_PD1High,0.15486669507875406,,,3.0730119372412837e-136,3.2066211519039485e-136,1.0,1.0,,0.0609849933647022,-0.09388170171405186
GPR12-1,EM_vs_CM,0.29519090122665104,0.14157075733227087,-0.15362014389438017,7.152997310058116e-175,7.803269792790672e-175,1.0,1.0,,,
GPR12-1,Naive_vs_CM,0.0519959021448686,,-0.15362014389438017,7.152997310058116e-175,7.803269792790672e-175,1.0,1.0,-0.10162424174951157,,
GPR12-1,Naive_vs_EM,-0.24319499908178244,0.14157075733227087,,7.152997310058116e-175,7.803269792790672e-175,1.0,1.0,-0.10162424174951157,,
GPR12-1,PD1Low_vs_PD1High,-0.13044022502102237,,,7.152997310058116e-175,7.803269792790672e-175,1.0,1.0,,-0.10311132194771815,0.02732890307330423
GPR139-1,EM_vs_CM,-0.6006458659397029,-0.19527917797700267,0.40536668796270026,0.0,0.0,1.0,1.0,,,
GPR139-1,Naive_vs_CM,-0.7152541207191079,,0.40536668796270026,0.0,0.0,1.0,1.0,-0.3098874327564076,,
GPR139-1,Naive_vs_EM,-0.11460825477940495,-0.19527917797700267,,0.0,0.0,1.0,1.0,-0.3098874327564076,,
GPR139-1,PD1Low_vs_PD1High,0.1599556871128381,,,0.0,0.0,1.0,1.0,,0.04671120263284904,-0.11324448447998907
GPR142-1,EM_vs_CM,0.2108101124369931,0.06005236440331785,-0.15075774803367525,0.0,0.0,1.0,1.0,,,
GPR142-1,Naive_vs_CM,0.20393977334960767,,-0.15075774803367525,0.0,0.0,1.0,1.0,0.05318202531593241,,
GPR142-1,Naive_vs_EM,-0.006870339087385435,0.06005236440331785,,0.0,0.0,1.0,1.0,0.05318202531593241,,
GPR142-1,PD1Low_vs_PD1High,-0.12681250686023526,,,0.0,0.0,1.0,1.0,,-0.07591403953492597,0.0508984673253093
GPR150-1,EM_vs_CM,-1.3158155539447898,-0.9326852452660587,0.3831303086787311,0.0,0.0,1.0,1.0,,,
GPR150-1,Naive_vs_CM,-1.0090938543641588,,0.3831303086787311,0.0,0.0,1.0,1.0,-0.6259635456854277,,
GPR150-1,Naive_vs_EM,0.306721699580631,-0.9326852452660587,,0.0,0.0,1.0,1.0,-0.6259635456854277,,
GPR150-1,PD1Low_vs_PD1High,1.873989908250698,,,0.0,0.0,1.0,1.0,,0.5451554600344306,-1.3288344482162675
GPR156-1,EM_vs_CM,0.11074525995071194,-0.05338537252083797,-0.1641306324715499,0.0,0.0,1.0,1.0,,,
GPR156-1,Naive_vs_CM,0.32960201086312235,,-0.1641306324715499,0.0,0.0,1.0,1.0,0.16547137839157244,,
GPR156-1,Naive_vs_EM,0.2188567509124104,-0.05338537252083797,,0.0,0.0,1.0,1.0,0.16547137839157244,,
GPR156-1,PD1Low_vs_PD1High,0.24385962955235016,,,0.0,0.0,1.0,1.0,,0.1045816059092366,-0.13927802364311356
GPR179-1,EM_vs_CM,0.24040730055848175,0.03880118343093836,-0.2016061171275434,0.0,0.0,1.0,1.0,,,
GPR179-1,Naive_vs_CM,0.22849458808721945,,-0.2016061171275434,0.0,0.0,1.0,1.0,0.02688847095967606,,
GPR179-1,Naive_vs_EM,-0.011912712471262299,0.03880118343093836,,0.0,0.0,1.0,1.0,0.02688847095967606,,
GPR179-1,PD1Low_vs_PD1High,0.049793125419194006,,,0.0,0.0,1.0,1.0,,-0.020408924869379324,-0.07020205028857333
GPR37L1-1,EM_vs_CM,-0.3758009395276438,-0.22231040009356873,0.1534905394340751,0.0,0.0,1.0,1.0,,,
GPR37L1-1,Naive_vs_CM,-0.0821099946429511,,0.1534905394340751,0.0,0.0,1.0,1.0,0.07138054479112399,,
GPR37L1-1,Naive_vs_EM,0.2936909448846927,-0.22231040009356873,,0.0,0.0,1.0,1.0,0.07138054479112399,,
GPR37L1-1,PD1Low_vs_PD1High,-0.15443371114204824,,,0.0,0.0,1.0,1.0,,-0.076363294193814,0.07807041694823424
GPR84-1,EM_vs_CM,-0.4650550576605028,-0.20555256788530374,0.2595024897751991,0.0,0.0,1.0,1.0,,,
GPR84-1,Naive_vs_CM,-0.4008667162500892,,0.2595024897751991,0.0,0.0,1.0,1.0,-0.1413642264748901,,
GPR84-1,Naive_vs_EM,0.06418834141041363,-0.20555256788530374,,0.0,0.0,1.0,1.0,-0.1413642264748901,,
GPR84-1,PD1Low_vs_PD1High,0.0683705488364766,,,0.0,0.0,1.0,1.0,,0.005047172889906711,-0.0633233759465699
GRM2-1,EM_vs_CM,0.11708846253918237,-0.15065393883063805,-0.2677424013698204,0.0,0.0,1.0,1.0,,,
GRM2-1,Naive_vs_CM,0.4869979286891621,,-0.2677424013698204,0.0,0.0,1.0,1.0,0.21925552731934167,,
GRM2-1,Naive_vs_EM,0.3699094661499797,-0.15065393883063805,,0.0,0.0,1.0,1.0,0.21925552731934167,,
GRM2-1,PD1Low_vs_PD1High,-0.7756367359417649,,,0.0,0.0,1.0,1.0,,-0.4541986389312547,0.3214380970105101
GRM3-1,EM_vs_CM,-0.2293807646372089,-0.1589616038453382,0.07041916079187072,0.0,0.0,1.0,1.0,,,
GRM3-1,Naive_vs_CM,0.025728619884504034,,0.07041916079187072,0.0,0.0,1.0,1.0,0.09614778067637475,,
GRM3-1,Naive_vs_EM,0.25510938452171295,-0.1589616038453382,,0.0,0.0,1.0,1.0,0.09614778067637475,,
GRM3-1,PD1Low_vs_PD1High,-0.11154825400410293,,,0.0,0.0,1.0,1.0,,-0.05323901446108237,0.05830923954302055
GRM5-1,EM_vs_CM,0.5017645142324011,0.0734321946868709,-0.4283323195455302,0.0,0.0,1.0,1.0,,,
GRM5-1,Naive_vs_CM,0.633055005053086,,-0.4283323195455302,0.0,0.0,1.0,1.0,0.2047226855075558,,
GRM5-1,Naive_vs_EM,0.1312904908206849,0.0734321946868709,,0.0,0.0,1.0,1.0,0.2047226855075558,,
GRM5-1,PD1Low_vs_PD1High,-0.4142414984350259,,,0.0,0.0,1.0,1.0,,-0.2571798956678808,0.15706160276714512
GRM7-1,EM_vs_CM,0.43119607736764254,0.060685362298574685,-0.37051071506906785,0.0,0.0,1.0,1.0,,,
GRM7-1,Naive_vs_CM,0.5833778260867875,,-0.37051071506906785,0.0,0.0,1.0,1.0,0.2128671110177196,,
GRM7-1,Naive_vs_EM,0.15218174871914492,0.060685362298574685,,0.0,0.0,1.0,1.0,0.2128671110177196,,
GRM7-1,PD1Low_vs_PD1High,0.2721314119309893,,,0.0,0.0,1.0,1.0,,0.10374629204790346,-0.16838511988308583
GRM8-1,EM_vs_CM,0.221358132018303,-0.03763677245342867,-0.2589949044717317,0.0,0.0,1.0,1.0,,,
GRM8-1,Naive_vs_CM,0.5268239072343714,,-0.2589949044717317,0.0,0.0,1.0,1.0,0.26782900276263977,,
GRM8-1,Naive_vs_EM,0.30546577521606844,-0.03763677245342867,,0.0,0.0,1.0,1.0,0.26782900276263977,,
GRM8-1,PD1Low_vs_PD1High,0.019251937977139276,,,0.0,0.0,1.0,1.0,,2.5077601062776605e-05,-0.019226860376076498
HRH3-1,EM_vs_CM,0.1065592700266671,-0.0970025803772201,-0.2035618504038872,0.0,0.0,1.0,1.0,,,
HRH3-1,Naive_vs_CM,0.4262809687662412,,-0.2035618504038872,0.0,0.0,1.0,1.0,0.22271911836235403,,
HRH3-1,Naive_vs_EM,0.3197216987395741,-0.0970025803772201,,0.0,0.0,1.0,1.0,0.22271911836235403,,
HRH3-1,PD1Low_vs_PD1High,0.22053687056526722,,,0.0,0.0,1.0,1.0,,0.08431999780971584,-0.13621687275555136
MCHR2-1,EM_vs_CM,0.030023095191199167,0.03389059790071036,0.0038675027095111947,1.0447911377240431e-204,1.1753900299395484e-204,1.0,1.0,,,
MCHR2-1,Naive_vs_CM,-0.05208577907849421,,0.0038675027095111947,1.0447911377240431e-204,1.1753900299395484e-204,1.0,1.0,-0.048218276368983015,,
MCHR2-1,Naive_vs_EM,-0.08210887426969338,0.03389059790071036,,1.0447911377240431e-204,1.1753900299395484e-204,1.0,1.0,-0.048218276368983015,,
MCHR2-1,PD1Low_vs_PD1High,-0.13969574006849061,,,1.0447911377240431e-204,1.1753900299395484e-204,1.0,1.0,,-0.0733345952871658,0.06636114478132482
MCOLN2-2,EM_vs_CM,-0.2952337302773176,-0.07122734621716231,0.22400638406015527,0.0,0.0,1.0,1.0,,,
MCOLN2-2,Naive_vs_CM,-0.5674914437412253,,0.22400638406015527,0.0,0.0,1.0,1.0,-0.34348505968107,,
MCOLN2-2,Naive_vs_EM,-0.2722577134639077,-0.07122734621716231,,0.0,0.0,1.0,1.0,-0.34348505968107,,
MCOLN2-2,PD1Low_vs_PD1High,0.038549541304328125,,,0.0,0.0,1.0,1.0,,-0.044293903293861625,-0.08284344459818975
MRGPRX1-1,EM_vs_CM,-0.2242888899260993,0.011915117865857416,0.23620400779195672,8.929436758315748e-216,1.0369668493527966e-215,1.0,1.0,,,
MRGPRX1-1,Naive_vs_CM,-0.544180262578422,,0.23620400779195672,8.929436758315748e-216,1.0369668493527966e-215,1.0,1.0,-0.3079762547864653,,
MRGPRX1-1,Naive_vs_EM,-0.3198913726523227,0.011915117865857416,,8.929436758315748e-216,1.0369668493527966e-215,1.0,1.0,-0.3079762547864653,,
MRGPRX1-1,PD1Low_vs_PD1High,0.03291864674101275,,,8.929436758315748e-216,1.0369668493527966e-215,1.0,1.0,,-0.003493053005710678,-0.036411699746723425
MRGPRX2-1,EM_vs_CM,-0.23974395066353793,-0.1804172030527913,0.05932674761074663,0.0,0.0,1.0,1.0,,,
MRGPRX2-1,Naive_vs_CM,-0.04430638757122907,,0.05932674761074663,0.0,0.0,1.0,1.0,0.015020360039517566,,
MRGPRX2-1,Naive_vs_EM,0.19543756309230886,-0.1804172030527913,,0.0,0.0,1.0,1.0,0.015020360039517566,,
MRGPRX2-1,PD1Low_vs_PD1High,0.12318718178301132,,,0.0,0.0,1.0,1.0,,0.026236892423996627,-0.09695028935901469
NPBWR1-1,EM_vs_CM,-0.27859816071829746,-0.1630082098753467,0.11558995084295076,0.0,0.0,1.0,1.0,,,
NPBWR1-1,Naive_vs_CM,-0.08682197817783421,,0.11558995084295076,0.0,0.0,1.0,1.0,0.028767972665116548,,
NPBWR1-1,Naive_vs_EM,0.19177618254046325,-0.1630082098753467,,0.0,0.0,1.0,1.0,0.028767972665116548,,
NPBWR1-1,PD1Low_vs_PD1High,-0.13145482341808643,,,0.0,0.0,1.0,1.0,,-0.07194417383146967,0.05951064958661675
NPBWR2-1,EM_vs_CM,0.08225055717341634,0.10631318891831576,0.02406263174489942,0.0,0.0,1.0,1.0,,,
NPBWR2-1,Naive_vs_CM,-0.11920296165820454,,0.02406263174489942,0.0,0.0,1.0,1.0,-0.09514032991330512,,
NPBWR2-1,Naive_vs_EM,-0.20145351883162088,0.10631318891831576,,0.0,0.0,1.0,1.0,-0.09514032991330512,,
NPBWR2-1,PD1Low_vs_PD1High,-0.027195261359740153,,,0.0,0.0,1.0,1.0,,-0.0018524670965667234,0.02534279426317343
OR10AC1-1,EM_vs_CM,-0.1626495448438917,-0.125541170552933,0.0371083742909587,0.0,0.0,1.0,1.0,,,
OR10AC1-1,Naive_vs_CM,0.041965873087469796,,0.0371083742909587,0.0,0.0,1.0,1.0,0.0790742473784285,,
OR10AC1-1,Naive_vs_EM,0.2046154179313615,-0.125541170552933,,0.0,0.0,1.0,1.0,0.0790742473784285,,
OR10AC1-1,PD1Low_vs_PD1High,0.016779089639649507,,,0.0,0.0,1.0,1.0,,0.005270028525309482,-0.011509061114340025
OR10J4-1,EM_vs_CM,0.053535664732928145,0.07991557351211631,0.026379908779188166,0.0,0.0,1.0,1.0,,,
OR10J4-1,Naive_vs_CM,-0.16700613624933414,,0.026379908779188166,0.0,0.0,1.0,1.0,-0.14062622747014597,,
OR10J4-1,Naive_vs_EM,-0.22054180098226228,0.07991557351211631,,0.0,0.0,1.0,1.0,-0.14062622747014597,,
OR10J4-1,PD1Low_vs_PD1High,0.12482064651154548,,,0.0,0.0,1.0,1.0,,0.050966741529492245,-0.07385390498205324
OR11G2-1,EM_vs_CM,0.03470035646403302,-0.008069200804769583,-0.042769557268802605,3.450370149050481e-206,3.943280170343407e-206,1.0,1.0,,,
OR11G2-1,Naive_vs_CM,0.046267340190874084,,-0.042769557268802605,3.450370149050481e-206,3.943280170343407e-206,1.0,1.0,0.0034977829220714796,,
OR11G2-1,Naive_vs_EM,0.011566983726841062,-0.008069200804769583,,3.450370149050481e-206,3.943280170343407e-206,1.0,1.0,0.0034977829220714796,,
OR11G2-1,PD1Low_vs_PD1High,0.020173552338529726,,,3.450370149050481e-206,3.943280170343407e-206,1.0,1.0,,-0.005693548881235373,-0.0258671012197651
OR11H2-1,EM_vs_CM,-0.25852196964496166,-0.15373110338378315,0.1047908662611785,6.945968447603125e-162,7.464324301901865e-162,1.0,1.0,,,
OR11H2-1,Naive_vs_CM,-0.08661253045711181,,0.1047908662611785,6.945968447603125e-162,7.464324301901865e-162,1.0,1.0,0.018178335804066692,,
OR11H2-1,Naive_vs_EM,0.17190943918784984,-0.15373110338378315,,6.945968447603125e-162,7.464324301901865e-162,1.0,1.0,0.018178335804066692,,
OR11H2-1,PD1Low_vs_PD1High,0.08822267471173517,,,6.945968447603125e-162,7.464324301901865e-162,1.0,1.0,,0.03385737024968827,-0.054365304462046904
OR11H7-1,EM_vs_CM,-0.2914395784730658,-0.05397826135061112,0.23746131712245466,0.0,0.0,1.0,1.0,,,
OR11H7-1,Naive_vs_CM,-0.3920159847326712,,0.23746131712245466,0.0,0.0,1.0,1.0,-0.15455466761021652,,
OR11H7-1,Naive_vs_EM,-0.1005764062596054,-0.05397826135061112,,0.0,0.0,1.0,1.0,-0.15455466761021652,,
OR11H7-1,PD1Low_vs_PD1High,0.170854781559096,,,0.0,0.0,1.0,1.0,,0.09507018683342368,-0.07578459472567234
OR13C7-1,EM_vs_CM,0.06311048413978149,0.10751604461756048,0.044405560477778994,0.0,0.0,1.0,1.0,,,
OR13C7-1,Naive_vs_CM,-0.19745800198252372,,0.044405560477778994,0.0,0.0,1.0,1.0,-0.15305244150474473,,
OR13C7-1,Naive_vs_EM,-0.2605684861223052,0.10751604461756048,,0.0,0.0,1.0,1.0,-0.15305244150474473,,
OR13C7-1,PD1Low_vs_PD1High,-0.23618943555108457,,,0.0,0.0,1.0,1.0,,-0.11847166324534404,0.11771777230574054
OR14A2-1,EM_vs_CM,-0.1512093017482541,-0.035238397923283205,0.11597090382497088,0.0,0.0,1.0,1.0,,,
OR14A2-1,Naive_vs_CM,-0.18665964720253403,,0.11597090382497088,0.0,0.0,1.0,1.0,-0.07068874337756315,,
OR14A2-1,Naive_vs_EM,-0.03545034545427994,-0.035238397923283205,,0.0,0.0,1.0,1.0,-0.07068874337756315,,
OR14A2-1,PD1Low_vs_PD1High,0.11296859330232234,,,0.0,0.0,1.0,1.0,,0.05983221749253601,-0.05313637580978633
OR14I1-1,EM_vs_CM,0.09873736690798762,0.009337956448343121,-0.0893994104596445,0.0,0.0,1.0,1.0,,,
OR14I1-1,Naive_vs_CM,0.13783200824576047,,-0.0893994104596445,0.0,0.0,1.0,1.0,0.04843259778611597,,
OR14I1-1,Naive_vs_EM,0.03909464133777285,0.009337956448343121,,0.0,0.0,1.0,1.0,0.04843259778611597,,
OR14I1-1,PD1Low_vs_PD1High,0.1617508876887805,,,0.0,0.0,1.0,1.0,,0.07033249176932843,-0.09141839591945204
OR1B1-1,EM_vs_CM,-0.15861858894644543,-0.04028872273350215,0.11832986621294328,0.0,0.0,1.0,1.0,,,
OR1B1-1,Naive_vs_CM,-0.1792645734938757,,0.11832986621294328,0.0,0.0,1.0,1.0,-0.06093470728093242,,
OR1B1-1,Naive_vs_EM,-0.020645984547430274,-0.04028872273350215,,0.0,0.0,1.0,1.0,-0.06093470728093242,,
OR1B1-1,PD1Low_vs_PD1High,0.12104436353110826,,,0.0,0.0,1.0,1.0,,0.06622432716505704,-0.05482003636605123
OR1E2-1,EM_vs_CM,0.05263844503373227,0.1665149326440184,0.11387648761028613,0.0,0.0,1.0,1.0,,,
OR1E2-1,Naive_vs_CM,-0.3866135540587159,,0.11387648761028613,0.0,0.0,1.0,1.0,-0.27273706644842977,,
OR1E2-1,Naive_vs_EM,-0.43925199909244816,0.1665149326440184,,0.0,0.0,1.0,1.0,-0.27273706644842977,,
OR1E2-1,PD1Low_vs_PD1High,-0.24602003560010588,,,0.0,0.0,1.0,1.0,,-0.12045856653142802,0.12556146906867785
OR1E3-2,EM_vs_CM,-0.23837730844955818,-0.08687055846079672,0.15150674998876146,0.0,0.0,1.0,1.0,,,
OR1E3-2,Naive_vs_CM,-0.25207954537526767,,0.15150674998876146,0.0,0.0,1.0,1.0,-0.10057279538650621,,
OR1E3-2,Naive_vs_EM,-0.013702236925709488,-0.08687055846079672,,0.0,0.0,1.0,1.0,-0.10057279538650621,,
OR1E3-2,PD1Low_vs_PD1High,0.18033310914720296,,,0.0,0.0,1.0,1.0,,0.07818768662075433,-0.10214542252644865
OR2T6-1,EM_vs_CM,0.033623304943436017,0.0077544043144198715,-0.025868900629016145,0.0,0.0,1.0,1.0,,,
OR2T6-1,Naive_vs_CM,0.06415935472321421,,-0.025868900629016145,0.0,0.0,1.0,1.0,0.03829045409419807,,
OR2T6-1,Naive_vs_EM,0.030536049779778196,0.0077544043144198715,,0.0,0.0,1.0,1.0,0.03829045409419807,,
OR2T6-1,PD1Low_vs_PD1High,-0.09362346640044295,,,0.0,0.0,1.0,1.0,,-0.040086413940354206,0.05353705246008874
OR2T8-1,EM_vs_CM,-0.09595515619935469,-0.02999726880703324,0.06595788739232145,0.0,0.0,1.0,1.0,,,
OR2T8-1,Naive_vs_CM,-0.06596951654262251,,0.06595788739232145,0.0,0.0,1.0,1.0,-1.1629150301062374e-05,,
OR2T8-1,Naive_vs_EM,0.029985639656732177,-0.02999726880703324,,0.0,0.0,1.0,1.0,-1.1629150301062374e-05,,
OR2T8-1,PD1Low_vs_PD1High,-0.12178189273992945,,,0.0,0.0,1.0,1.0,,-0.04890794989163568,0.07287394284829378
OR2V1-1,EM_vs_CM,0.197586109842533,0.02910465560192499,-0.168481454240608,2.842828572032956e-264,3.411394286439547e-264,1.0,1.0,,,
OR2V1-1,Naive_vs_CM,0.218555620816538,,-0.168481454240608,2.842828572032956e-264,3.411394286439547e-264,1.0,1.0,0.05007416657593,,
OR2V1-1,Naive_vs_EM,0.020969510974005012,0.02910465560192499,,2.842828572032956e-264,3.411394286439547e-264,1.0,1.0,0.05007416657593,,
OR2V1-1,PD1Low_vs_PD1High,-0.17744997753181804,,,2.842828572032956e-264,3.411394286439547e-264,1.0,1.0,,-0.1184925327868267,0.05895744474499135
OR51J1-1,EM_vs_CM,0.26047486338539627,0.18087031903659845,-0.07960454434879782,0.0,0.0,1.0,1.0,,,
OR51J1-1,Naive_vs_CM,-0.20114466056154556,,-0.07960454434879782,0.0,0.0,1.0,1.0,-0.2807492049103434,,
OR51J1-1,Naive_vs_EM,-0.46161952394694183,0.18087031903659845,,0.0,0.0,1.0,1.0,-0.2807492049103434,,
OR51J1-1,PD1Low_vs_PD1High,0.7080015611101581,,,0.0,0.0,1.0,1.0,,0.29417297048089813,-0.41382859062926
OR51M1-1,EM_vs_CM,-0.05404324910922176,0.05719997770300955,0.11124322681223131,0.0,0.0,1.0,1.0,,,
OR51M1-1,Naive_vs_CM,-0.30001252056699224,,0.11124322681223131,0.0,0.0,1.0,1.0,-0.18876929375476093,,
OR51M1-1,Naive_vs_EM,-0.24596927145777048,0.05719997770300955,,0.0,0.0,1.0,1.0,-0.18876929375476093,,
OR51M1-1,PD1Low_vs_PD1High,0.2538837304657678,,,0.0,0.0,1.0,1.0,,0.12016650215304388,-0.13371722831272392
OR5H15-1,EM_vs_CM,0.1541500053520577,0.09609186198897723,-0.05805814336308046,3.8069307213592204e-61,3.8069307213592204e-61,1.0,1.0,,,
OR5H15-1,Naive_vs_CM,0.0328899879649337,,-0.05805814336308046,3.8069307213592204e-61,3.8069307213592204e-61,1.0,0.999999999999963,-0.025168155398146763,,
OR5H15-1,Naive_vs_EM,-0.121260017387124,0.09609186198897723,,3.8069307213592204e-61,3.8069307213592204e-61,1.0,1.0,-0.025168155398146763,,
OR5H15-1,PD1Low_vs_PD1High,-0.002995127069244245,,,3.8069307213592204e-61,3.8069307213592204e-61,1.0,1.0,,0.0027909575412945475,0.005786084610538793
OR5K3-1,EM_vs_CM,-0.0362727742554545,0.03247637291996619,0.06874914717542069,0.0,0.0,1.0,1.0,,,
OR5K3-1,Naive_vs_CM,-0.17879179348981278,,0.06874914717542069,0.0,0.0,1.0,1.0,-0.11004264631439209,,
OR5K3-1,Naive_vs_EM,-0.14251901923435828,0.03247637291996619,,0.0,0.0,1.0,1.0,-0.11004264631439209,,
OR5K3-1,PD1Low_vs_PD1High,0.28504094439112404,,,0.0,0.0,1.0,1.0,,0.13958143012256027,-0.14545951426856374
OR6C74-1,EM_vs_CM,-0.05342707831724225,-0.009143958131509367,0.04428312018573288,2.419523283504566e-145,2.5618481825342464e-145,1.0,1.0,,,
OR6C74-1,Naive_vs_CM,-0.07304725765242936,,0.04428312018573288,2.419523283504566e-145,2.5618481825342464e-145,1.0,1.0,-0.028764137466696482,,
OR6C74-1,Naive_vs_EM,-0.019620179335187116,-0.009143958131509367,,2.419523283504566e-145,2.5618481825342464e-145,1.0,1.0,-0.028764137466696482,,
OR6C74-1,PD1Low_vs_PD1High,0.07113908161933766,,,2.419523283504566e-145,2.5618481825342464e-145,1.0,1.0,,0.03769454900551117,-0.03344453261382648
OR6C75-1,EM_vs_CM,-0.025355273271096324,0.010044802213520443,0.035400075484616766,3.257342273110321e-253,3.8447318633433294e-253,1.0,1.0,,,
OR6C75-1,Naive_vs_CM,-0.09481281979429512,,0.035400075484616766,3.257342273110321e-253,3.8447318633433294e-253,1.0,1.0,-0.059412744309678356,,
OR6C75-1,Naive_vs_EM,-0.0694575465231988,0.010044802213520443,,3.257342273110321e-253,3.8447318633433294e-253,1.0,1.0,-0.059412744309678356,,
OR6C75-1,PD1Low_vs_PD1High,0.1445500629163638,,,3.257342273110321e-253,3.8447318633433294e-253,1.0,1.0,,0.06761907592100151,-0.07693098699536227
OR6C76-1,EM_vs_CM,0.28140922649161343,0.2549748966170275,-0.026434329874585938,0.0,0.0,1.0,1.0,,,
OR6C76-1,Naive_vs_CM,-0.25475540678809105,,-0.026434329874585938,0.0,0.0,1.0,1.0,-0.281189736662677,,
OR6C76-1,Naive_vs_EM,-0.5361646332797045,0.2549748966170275,,0.0,0.0,1.0,1.0,-0.281189736662677,,
OR6C76-1,PD1Low_vs_PD1High,0.23644245897763333,,,0.0,0.0,1.0,1.0,,0.1006715061820715,-0.1357709527955618
OR6S1-1,EM_vs_CM,-0.11320533397329835,-0.094054510896598,0.019150823076700352,0.0,0.0,1.0,1.0,,,
OR6S1-1,Naive_vs_CM,0.03701833332969151,,0.019150823076700352,0.0,0.0,1.0,1.0,0.05616915640639186,,
OR6S1-1,Naive_vs_EM,0.15022366730298986,-0.094054510896598,,0.0,0.0,1.0,1.0,0.05616915640639186,,
OR6S1-1,PD1Low_vs_PD1High,0.2259675938460743,,,0.0,0.0,1.0,1.0,,0.10673895311853521,-0.11922864072753907
OR8G2P-1,EM_vs_CM,-0.17770921841565102,0.0068224459688771555,0.18453166438452817,0.0,0.0,1.0,1.0,,,
OR8G2P-1,Naive_vs_CM,-0.3908402037018486,,0.18453166438452817,0.0,0.0,1.0,1.0,-0.2063085393173204,,
OR8G2P-1,Naive_vs_EM,-0.21313098528619756,0.0068224459688771555,,0.0,0.0,1.0,1.0,-0.2063085393173204,,
OR8G2P-1,PD1Low_vs_PD1High,0.15805577032946672,,,0.0,0.0,1.0,1.0,,0.074043075510095,-0.08401269481937172
OR8J2-1,EM_vs_CM,-0.24226152142439206,-0.08108877608523646,0.1611727453391556,0.0,0.0,1.0,1.0,,,
OR8J2-1,Naive_vs_CM,-0.2121478786620622,,0.1611727453391556,0.0,0.0,1.0,1.0,-0.050975133322906596,,
OR8J2-1,Naive_vs_EM,0.030113642762329862,-0.08108877608523646,,0.0,0.0,1.0,1.0,-0.050975133322906596,,
OR8J2-1,PD1Low_vs_PD1High,0.09548271508781703,,,0.0,0.0,1.0,1.0,,0.05744430285424603,-0.038038412233570996
P2RY10-1,EM_vs_CM,-0.031891942901610126,0.05418485414411278,0.08607679704572291,1.625623715697689e-123,1.6720701075747658e-123,1.0,1.0,,,
P2RY10-1,Naive_vs_CM,-0.23154677949414437,,0.08607679704572291,1.625623715697689e-123,1.6720701075747658e-123,1.0,1.0,-0.14546998244842146,,
P2RY10-1,Naive_vs_EM,-0.19965483659253425,0.05418485414411278,,1.625623715697689e-123,1.6720701075747658e-123,1.0,1.0,-0.14546998244842146,,
P2RY10-1,PD1Low_vs_PD1High,0.03452068403029843,,,1.625623715697689e-123,1.6720701075747658e-123,1.0,1.0,,0.015524231595620627,-0.018996452434677808
P2RY12-1,EM_vs_CM,0.17695224085396305,0.14480949916400893,-0.032142741689954124,0.0,0.0,1.0,1.0,,,
P2RY12-1,Naive_vs_CM,-0.15856389536851512,,-0.032142741689954124,0.0,0.0,1.0,1.0,-0.19070663705846924,,
P2RY12-1,Naive_vs_EM,-0.33551613622247817,0.14480949916400893,,0.0,0.0,1.0,1.0,-0.19070663705846924,,
P2RY12-1,PD1Low_vs_PD1High,0.21433987561229345,,,0.0,0.0,1.0,1.0,,0.08115664461134191,-0.13318323100095153
P2RY8-1,EM_vs_CM,-0.14781328161671847,-0.20859015137901094,-0.06077686976229246,4.167184665114334e-294,5.2638122085654746e-294,1.0,1.0,,,
P2RY8-1,Naive_vs_CM,0.14593571737069866,,-0.06077686976229246,4.167184665114334e-294,5.2638122085654746e-294,1.0,1.0,0.0851588476084062,,
P2RY8-1,Naive_vs_EM,0.29374899898741713,-0.20859015137901094,,4.167184665114334e-294,5.2638122085654746e-294,1.0,1.0,0.0851588476084062,,
P2RY8-1,PD1Low_vs_PD1High,0.8370883540910566,,,4.167184665114334e-294,5.2638122085654746e-294,1.0,1.0,,0.3571414525345626,-0.47994690155649405
PAQR8-2,EM_vs_CM,0.9316374614514307,0.14994360966412157,-0.7816938517873091,0.0,0.0,1.0,1.0,,,
PAQR8-2,Naive_vs_CM,0.5041179636440567,,-0.7816938517873091,0.0,0.0,1.0,1.0,-0.2775758881432524,,
PAQR8-2,Naive_vs_EM,-0.42751949780737397,0.14994360966412157,,0.0,0.0,1.0,1.0,-0.2775758881432524,,
PAQR8-2,PD1Low_vs_PD1High,1.4537752683780278,,,0.0,0.0,1.0,1.0,,0.42377892410020057,-1.0299963442778273
PAQR9-2,EM_vs_CM,0.1838751670406561,0.17622271314955074,-0.00765245389110536,0.0,0.0,1.0,1.0,,,
PAQR9-2,Naive_vs_CM,-0.18443589831007157,,-0.00765245389110536,0.0,0.0,1.0,1.0,-0.19208835220117693,,
PAQR9-2,Naive_vs_EM,-0.36831106535072766,0.17622271314955074,,0.0,0.0,1.0,1.0,-0.19208835220117693,,
PAQR9-2,PD1Low_vs_PD1High,-0.06657609785212304,,,0.0,0.0,1.0,1.0,,-0.04112741324030537,0.02544868461181767
PRLHR-1,EM_vs_CM,0.553605796696179,0.14324899264710922,-0.4103568040490698,0.0,0.0,1.0,1.0,,,
PRLHR-1,Naive_vs_CM,0.24684764397838943,,-0.4103568040490698,0.0,0.0,1.0,1.0,-0.1635091600706804,,
PRLHR-1,Naive_vs_EM,-0.3067581527177896,0.14324899264710922,,0.0,0.0,1.0,1.0,-0.1635091600706804,,
PRLHR-1,PD1Low_vs_PD1High,0.2861355294278465,,,0.0,0.0,1.0,1.0,,-0.0004712257769570923,-0.28660675520480355
RXFP3-1,EM_vs_CM,0.9184385720976955,0.02410801084644365,-0.8943305612512519,0.0,0.0,1.0,1.0,,,
RXFP3-1,Naive_vs_CM,1.3019714173212815,,-0.8943305612512519,0.0,0.0,1.0,1.0,0.40764085607002976,,
RXFP3-1,Naive_vs_EM,0.3835328452235861,0.02410801084644365,,0.0,0.0,1.0,1.0,0.40764085607002976,,
RXFP3-1,PD1Low_vs_PD1High,-0.21359620756153125,,,0.0,0.0,1.0,1.0,,-0.26099200189235844,-0.04739579433082719
SYVN1-1,EM_vs_CM,-0.5634158969416871,-0.10839244808348969,0.45502344885819745,0.0,0.0,1.0,1.0,,,
SYVN1-1,Naive_vs_CM,-0.9961781484263424,,0.45502344885819745,0.0,0.0,1.0,1.0,-0.541154699568145,,
SYVN1-1,Naive_vs_EM,-0.4327622514846553,-0.10839244808348969,,0.0,0.0,1.0,1.0,-0.541154699568145,,
SYVN1-1,PD1Low_vs_PD1High,0.06967061590098336,,,0.0,0.0,1.0,1.0,,-0.030005924980654058,-0.09967654088163742
TAAR5-1,EM_vs_CM,-0.3103191907456636,-0.15766219740214416,0.15265699334351945,0.0,0.0,1.0,1.0,,,
TAAR5-1,Naive_vs_CM,-0.11515264565229666,,0.15265699334351945,0.0,0.0,1.0,1.0,0.037504347691222795,,
TAAR5-1,Naive_vs_EM,0.19516654509336695,-0.15766219740214416,,0.0,0.0,1.0,1.0,0.037504347691222795,,
TAAR5-1,PD1Low_vs_PD1High,0.18397558116543955,,,0.0,0.0,1.0,1.0,,0.10282083846025247,-0.08115474270518708
TAS1R2-1,EM_vs_CM,-0.5128766850429857,-0.44208918118755136,0.07078750385543431,0.0,0.0,1.0,1.0,,,
TAS1R2-1,Naive_vs_CM,0.10993335988447883,,0.07078750385543431,0.0,0.0,1.0,1.0,0.18072086373991314,,
TAS1R2-1,Naive_vs_EM,0.6228100449274645,-0.44208918118755136,,0.0,0.0,1.0,1.0,0.18072086373991314,,
TAS1R2-1,PD1Low_vs_PD1High,0.03145021650027198,,,0.0,0.0,1.0,1.0,,-0.04780182961393198,-0.07925204611420396
TAS2R38-1,EM_vs_CM,0.13198441042990272,-0.0287606662671126,-0.16074507669701532,0.0,0.0,1.0,1.0,,,
TAS2R38-1,Naive_vs_CM,0.18494662971691112,,-0.16074507669701532,0.0,0.0,1.0,1.0,0.024201553019895794,,
TAS2R38-1,Naive_vs_EM,0.052962219287008394,-0.0287606662671126,,0.0,0.0,1.0,1.0,0.024201553019895794,,
TAS2R38-1,PD1Low_vs_PD1High,-0.14321944400743156,,,0.0,0.0,1.0,1.0,,-0.12671111865179316,0.016508325355638398
TAS2R4-1,EM_vs_CM,0.11782438177361532,0.11576823104187306,-0.0020561507317422567,0.0,0.0,1.0,1.0,,,
TAS2R4-1,Naive_vs_CM,-0.18426592768265948,,-0.0020561507317422567,0.0,0.0,1.0,1.0,-0.18632207841440174,,
TAS2R4-1,Naive_vs_EM,-0.3020903094562748,0.11576823104187306,,0.0,0.0,1.0,1.0,-0.18632207841440174,,
TAS2R4-1,PD1Low_vs_PD1High,0.3919801563013964,,,0.0,0.0,1.0,1.0,,0.17178674544927452,-0.22019341085212182
TAS2R5-1,EM_vs_CM,-0.17932343121542305,-0.08829600367876544,0.0910274275366576,4.716354996601065e-111,4.7827825317644604e-111,1.0,1.0,,,
TAS2R5-1,Naive_vs_CM,-0.11183045130592195,,0.0910274275366576,4.716354996601065e-111,4.7827825317644604e-111,1.0,1.0,-0.02080302376926435,,
TAS2R5-1,Naive_vs_EM,0.0674929799095011,-0.08829600367876544,,4.716354996601065e-111,4.7827825317644604e-111,1.0,1.0,-0.02080302376926435,,
TAS2R5-1,PD1Low_vs_PD1High,-0.07520748880653765,,,4.716354996601065e-111,4.7827825317644604e-111,1.0,1.0,,-0.04362761104039289,0.03157987776614476
TAS2R8-1,EM_vs_CM,0.20974000966455608,0.10978000744271987,-0.09996000222183621,1.426710321101244e-177,1.5803560479890702e-177,1.0,1.0,,,
TAS2R8-1,Naive_vs_CM,0.027865683974980238,,-0.09996000222183621,1.426710321101244e-177,1.5803560479890702e-177,1.0,1.0,-0.07209431824685597,,
TAS2R8-1,Naive_vs_EM,-0.18187432568957584,0.10978000744271987,,1.426710321101244e-177,1.5803560479890702e-177,1.0,1.0,-0.07209431824685597,,
TAS2R8-1,PD1Low_vs_PD1High,-0.2553884285047991,,,1.426710321101244e-177,1.5803560479890702e-177,1.0,1.0,,-0.14845231859439031,0.10693610991040876
TMEM161A-1,EM_vs_CM,-0.6000331254323209,-0.3819372000311029,0.21809592540121803,0.0,0.0,1.0,1.0,,,
TMEM161A-1,Naive_vs_CM,-0.1463611954203906,,0.21809592540121803,0.0,0.0,1.0,1.0,0.07173472998082742,,
TMEM161A-1,Naive_vs_EM,0.4536719300119303,-0.3819372000311029,,0.0,0.0,1.0,1.0,0.07173472998082742,,
TMEM161A-1,PD1Low_vs_PD1High,-0.019741099951606184,,,0.0,0.0,1.0,1.0,,-0.0405727315254889,-0.02083163157388272
TRPM4-2,EM_vs_CM,0.18268873546623265,0.1568339986715369,-0.025854736794695743,0.0,0.0,1.0,1.0,,,
TRPM4-2,Naive_vs_CM,-0.14621278033649598,,-0.025854736794695743,0.0,0.0,1.0,1.0,-0.17206751713119173,,
TRPM4-2,Naive_vs_EM,-0.32890151580272864,0.1568339986715369,,0.0,0.0,1.0,1.0,-0.17206751713119173,,
TRPM4-2,PD1Low_vs_PD1High,0.4477986053940456,,,0.0,0.0,1.0,1.0,,0.21020321761223926,-0.2375953877818063
VN1R5-2,EM_vs_CM,0.18935920860941857,0.22479926785141968,0.03544005924200111,0.0,0.0,1.0,1.0,,,
VN1R5-2,Naive_vs_CM,-0.4199785891870923,,0.03544005924200111,0.0,0.0,1.0,1.0,-0.3845385299450912,,
VN1R5-2,Naive_vs_EM,-0.6093377977965109,0.22479926785141968,,0.0,0.0,1.0,1.0,-0.3845385299450912,,
VN1R5-2,PD1Low_vs_PD1High,0.1841176469871381,,,0.0,0.0,1.0,1.0,,0.05062575587634558,-0.13349189111079252
