ELM_mw,n_with,n_without,u_stat,pvalue,cliff_delta,n_pairs,mean_with,mean_without,median_with,median_without,phenotype,qvalue,sig_stars,ELM_dm,Phenotype,Effect,SE,Pvalue,FDR,log2FC,ELM_raw
14-3-3,393,600,4331727.5,0.17861819762980702,0.020574757327301855,8488800,-1.362551297402405,-2.0597119019010863,-5.084891933758538,-5.292529413781347,Naive_High,0.38331204454863693,,ELM_14_3_3,Naive_High,-0.0141878859097786,0.0256057780065761,0.5795177780476585,0.9998849800444912,-0.020468792642736,14-3-3
ANK,16,977,268759.0,0.4504186306390424,-0.044840355964972135,562752,-3.860519828113089,-1.7497865749948696,-4.87062938630697,-5.212470723689766,Naive_High,0.6459662312579438,,ANK,Naive_High,-0.0076609206061354,0.1096221994532734,0.944285386810035,0.9998849800444912,-0.0110523721671156,ANK
APCC,38,955,597067.0,0.027482714359500632,-0.08596338140289642,1306440,-8.313493036444733,-1.5239759849580072,-7.295685983229152,-5.153392146588034,Naive_High,0.110683808516345,,APCC,Naive_High,-0.0007613051551261,0.0718926411661506,0.991550981198504,0.9998849800444912,-0.0010983311719037,APCC
Actin,26,967,424950.0,0.19287805512308365,-0.0610001856123883,905112,-5.876889248629472,-1.673744240491655,-5.284594546005134,-5.178716701485883,Naive_High,0.3947472205267471,,Actin,Naive_High,0.0088335873833574,0.0853683754112589,0.9175851093555784,0.9998849800444912,0.0127441727112291,Actin
Arc,147,846,2226442.5,0.7979125701114091,-0.0053935285698203635,4477032,-2.102891143270718,-1.7283508309208053,-4.550453220124215,-5.367577835261289,Naive_High,0.8720680134303134,,Arc,Naive_High,-0.0259019531137397,0.0391709542579619,0.5084493881435831,0.9998849800444912,-0.0373686193065307,Arc
BIR,163,830,2261191.5,0.0004021619409231593,-0.07146315322640254,4870440,-4.4090583688172496,-1.2682328757862473,-6.7458369276393935,-4.984988802092932,Naive_High,0.005648295371535793,**,BIR,Naive_High,-0.0245335827909328,0.0330568547358907,0.4579884308434793,0.9998849800444912,-0.0353944782277175,BIR
BRCT,103,890,1682507.0,0.42283861931210387,0.019664133425451195,3300120,-1.1188487907526177,-1.8607509837890757,-4.641997537663221,-5.2722669315501465,Naive_High,0.6215727703887928,,BRCT,Naive_High,0.0197961056630987,0.0464903192199179,0.6702453146494145,0.9998849800444912,0.0285597434690664,BRCT
CDC14,12,981,199227.5,0.38253009930041326,-0.059786404651338394,423792,-7.821968139282818,-1.7099349473480152,-3.920338901699071,-5.217963965525554,Naive_High,0.5982119637995824,,CDC14,Naive_High,-0.0042357878959189,0.143012704243541,0.97637149988333,0.9998849800444912,-0.0061109501916997,CDC14
CKS1,45,948,745206.5,0.41163756191012735,-0.02952740011460124,1535760,-2.1309563934375184,-1.7673172608809162,-5.756597962520546,-5.171239345526821,Naive_High,0.617456342865191,,CKS1,Naive_High,-0.0041068828845806,0.069117561891043,0.9526185358444674,0.9998849800444912,-0.0059249795710962,CKS1
CSL,10,983,160255.0,0.20817339134339574,-0.09429750197807166,353880,-8.157715753609486,-1.7189548763821993,-4.638595234647854,-5.211824214010571,Naive_High,0.399601531364936,,CSL,Naive_High,-0.0046852830717101,0.1382057187795283,0.9729562630925124,0.9998849800444912,-0.0067594346527173,CSL
CYCLIN,139,854,2115590.0,0.6466542962621327,-0.00988342815209191,4273416,-3.0401525591378857,-1.5793074886412537,-5.0786251187772935,-5.211824214010571,Naive_High,0.7915657642086564,,CYCLIN,Naive_High,-0.0371050052677606,0.0386422860736154,0.3369456837270738,0.9998849800444912,-0.0535312070919572,CYCLIN
Clathr,14,979,212687.0,0.02975084739622156,-0.13789986542795532,493416,-5.368706486022917,-1.7325310625285761,-8.406857851099982,-5.132738517387884,Naive_High,0.1181993126282316,,Clathr,Naive_High,-0.0063545408438551,0.113590302117961,0.9553875059409224,0.9998849800444912,-0.0091676645625561,Clathr
DLG,13,980,228015.0,0.9311170790704514,-0.005690737833594976,458640,-2.8713263056264413,-1.7693699582108706,-6.134198858271297,-5.171239345526821,Naive_High,0.9525050520191274,,DLG,Naive_High,0.0021195841740621,0.1114671300117576,0.9848288766739812,0.9998849800444912,0.0030579135766662,DLG
EVH1,12,981,246035.0,0.018609053946667693,0.16111205497036282,423792,2.0838743248440554,-1.8311073322303015,-3.526730479017404,-5.246318700633262,Naive_High,0.0868422517511159,,EVH1,Naive_High,0.0045954890625288,0.1317361837546664,0.9721722146146626,0.9998849800444912,0.0066298892809699,EVH1
FHA,402,591,4309751.5,0.6096450366068269,0.007781056178030697,8552952,-2.4282850670401652,-1.3454132048555842,-4.91494594613806,-5.41353680955932,Naive_High,0.7781525411853807,,FHA,Naive_High,-0.0098540672139555,0.0259614590406527,0.7042681737443699,0.9998849800444912,-0.0142164139021602,FHA
GBD,11,982,159169.0,0.011154135666910795,-0.18138101997572467,388872,-8.60421392599149,-1.7073965863888905,-8.038104200899772,-5.144097825932677,Naive_High,0.0630637670398418,,GBD,Naive_High,0.001882818267813,0.1353845391513529,0.9889040269161444,0.9998849800444912,0.002716332577869,GBD
IRF7,17,976,307236.0,0.6183741541884458,0.028728704596592734,597312,-1.5361902424641183,-1.7881091873953965,-5.289092482057731,-5.187945930558024,Naive_High,0.7801733651118551,,IRF7,Naive_High,0.0108937248893586,0.1016012254186503,0.9146141251497208,0.9998849800444912,0.0157163228746864,IRF7
Integrin,11,982,211538.0,0.2184535392549385,0.08795696270238022,388872,1.4567745950709927,-1.8200960504741115,-3.3545792642513588,-5.211824214010571,Naive_High,0.4064894970946324,,Integrin,Naive_High,0.0003962134467792,0.124131405319538,0.997453246788321,0.9998849800444912,0.0005716151748019,Integrin
LIR,412,581,4076527.0,0.00038653747660236023,-0.053883820069923705,8617392,-3.8528690253446896,-0.31657101992734044,-5.4033728841678155,-5.066258000503167,Naive_High,0.005648295371535793,**,LIR,Naive_High,-0.03651295088757,0.0293087219011612,0.2128360110560755,0.9998849800444912,-0.0526770531737196,LIR
LYPXL,12,981,175666.0,0.01251041212621082,-0.17098010344697398,423792,-10.571491869094075,-1.6763016295521593,-9.22457583606354,-5.164452608370523,Naive_High,0.06815977715760234,,LYPXL,Naive_High,-0.0010263825310406,0.1175666351495861,0.9930343811293344,0.9998849800444912,-0.0014807569875874,LYPXL
MAPK,271,722,3481291.5,0.49215710703580806,-0.011534772549941567,7043832,-3.074168494362936,-1.299460026381497,-4.984988802092932,-5.25854431389045,Naive_High,0.6890199498501314,,MAPK,Naive_High,-0.0613193773952007,0.0297506813852927,0.039292705758142,0.9998849800444912,-0.0884651616784549,MAPK
MSH2,28,965,430493.0,0.011024615424854183,-0.11486758779504894,972720,-6.873643532069325,-1.636111691317985,-8.043157058704253,-5.090619418602018,Naive_High,0.0630637670398418,,MSH2,Naive_High,-0.0093138309591055,0.0814173653902812,0.9089237870870768,0.9998849800444912,-0.0134370177363796,MSH2
MYND,25,968,429607.0,0.773265225747032,-0.013758034894398532,871200,0.7114574923203789,-1.8482399156278992,-5.684725260867083,-5.171239345526821,Naive_High,0.8644105565385074,,MYND,Naive_High,0.0110426237283478,0.0936584974307943,0.9061444662109118,0.9998849800444912,0.0159311384912902,MYND
NRBOX,26,967,397509.0,0.009418848981741256,-0.12163577546204227,905112,-6.441945886743255,-1.6585514043065896,-7.978491345765632,-5.090619418602018,Naive_High,0.057690450013165195,,NRBOX,Naive_High,-0.0030277685943423,0.0790183031416897,0.9694346917848672,0.9998849800444912,-0.0043681467360171,NRBOX
NRP,32,961,568462.0,0.524406195545354,0.02696482252283501,1107072,-3.207830303329407,-1.7363779722302346,-3.6860588583011067,-5.24774662262087,Naive_High,0.7137750994922873,,NRP,Naive_High,-0.0076837858554984,0.0689028865883386,0.9112070455963744,0.9998849800444912,-0.0110853597489804,NRP
PCNA,35,958,556302.0,0.05368092941087017,-0.07826821751665175,1207080,-6.539693292409395,-1.6100423129284636,-7.21393470251569,-5.144097825932677,Naive_High,0.1685578584947607,,PCNA,Naive_High,-0.0111287974279172,0.0664480939189289,0.8669915463288346,0.9998849800444912,-0.016055460860314,PCNA
PDZ,207,786,2938890.0,0.8492149045604936,0.0035012886545135687,5857272,-2.1807283504896384,-1.679260855557814,-5.053180923034301,-5.252276104152408,Naive_High,0.915592546168298,,PDZ,Naive_High,-0.0047761672373597,0.0317659211446664,0.8804844886624487,0.9998849800444912,-0.0068905527877952,PDZ
PP1,77,916,1239926.5,0.40373594335105834,-0.02335385987132712,2539152,-3.5416267136950124,-1.6360311616433194,-5.388666864575264,-5.164452608370523,Naive_High,0.6118472543567586,,PP1,Naive_High,0.0095993878636751,0.0473605866508661,0.8393794762041152,0.9998849800444912,0.0138489892664937,PP1
PP2A,56,937,983235.5,0.20592692940147794,0.041016055123579136,1888992,-2.984483579369124,-1.7120370550428237,-3.9172837532611497,-5.384005401033495,Naive_High,0.399601531364936,,PP2A,Naive_High,-0.0143214364264122,0.0627899403765726,0.8195802492515114,0.9998849800444912,-0.0206614653107914,PP2A
PP2B,32,961,544247.0,0.6919930810313062,-0.016781203029251936,1107072,-4.298510589053052,-1.7000597941416227,-4.2183832785124125,-5.2416342472907855,Naive_High,0.8270161212325366,,PP2B,Naive_High,-0.0112856387649078,0.0820070288057502,0.8905423725589372,0.9998849800444912,-0.0162817350793967,PP2B
PP4,66,927,1106352.5,0.8780167882040119,0.0046096528027488115,2202552,0.5814239481900692,-1.9521939391589445,-4.761652925443367,-5.212470723689766,Naive_High,0.9297038077393421,,PP4,Naive_High,-0.0063648306992503,0.0554880138862655,0.9086778354758837,0.9998849800444912,-0.0091825096859062,PP4
PTB,46,947,778876.0,0.8510696932257045,-0.006682684704814083,1568232,-4.873492548664358,-1.633716096917884,-4.832157150596206,-5.231575376173856,Naive_High,0.915592546168298,,PTB,Naive_High,-0.0075345934930689,0.0627051264412154,0.904357092000718,0.9998849800444912,-0.0108701206675648,PTB
Pex14,131,862,1993317.5,0.382007194643587,-0.019324302517568667,4065192,-1.6914177955349838,-1.7978353478012923,-5.888880257454344,-5.054519713174408,Naive_High,0.5982119637995824,,Pex14,Naive_High,0.0131392579476118,0.0392123308448765,0.7375649292346687,0.9998849800444912,0.0189559422819805,Pex14
REV1ctd,29,964,531181.0,0.21084080540142802,0.0555893388022448,1006416,0.9363386505029224,-1.8656261637804785,-5.368101268582874,-5.187945930558024,Naive_High,0.399601531364936,,REV1ctd,Naive_High,-0.0167391883774751,0.0718664613200607,0.8158229636570828,0.9998849800444912,-0.0241495440606896,REV1ctd
SH2,452,541,4114982.0,1.460112231112605e-05,-0.06511167818072436,8803152,-3.9444708293493056,0.021425164225673858,-5.612813373158778,-4.710639222519303,Naive_High,0.0006132471370672941,***,SH2,Naive_High,-0.0637114001126393,0.0276821589611178,0.0213615268969687,0.9998849800444912,-0.0919161209905973,SH2
SH3,231,762,3374907.0,0.0002319696111526134,0.06517840572958683,6336792,-0.003200420893677384,-2.323583338311493,-3.9409547721499667,-5.568609308315133,Naive_High,0.004546604378591223,**,SH3,Naive_High,0.0203983340144191,0.0330128640903057,0.5366475433116598,0.9998849800444912,0.0294285753249992,SH3
SUMO,105,888,1607900.5,0.08456161902782866,-0.04195832737499404,3356640,-4.387640202012418,-1.475909436721276,-5.955554250060736,-5.10923151601888,Naive_High,0.22397401796560024,,SUMO,Naive_High,-0.0005902609871823,0.0424875598028183,0.988915697167121,0.9998849800444912,-0.0008515665990382,SUMO
TRAF2like,45,948,840747.5,0.008324976119385584,0.09489438453925092,1535760,1.3239540137904655,-1.9313161726164216,-3.4398321050023872,-5.356839348026931,Naive_High,0.05207538253402898,,TRAF2like,Naive_High,0.0033874392159346,0.0683821650295273,0.9604914459603158,0.9998849800444912,0.0048870417581417,TRAF2like
TRAF4,32,961,617932.0,0.006024427749970903,0.1163357035495433,1107072,3.6826001853543624,-1.965819986421578,-2.2837903364825713,-5.2722669315501465,Naive_High,0.04268746583668341,*,TRAF4,Naive_High,0.0104958848071176,0.0731594997270381,0.8859223340116702,0.9998849800444912,0.0151423609609703,TRAF4
TRAF6,30,963,544749.5,0.2765325462254925,0.04755490173454867,1040040,-1.552395570474855,-1.7910051234740927,-3.4330473071402485,-5.25854431389045,Naive_High,0.4868297520376934,,TRAF6,Naive_High,-0.0068019216607559,0.0839330283150729,0.9354102454907156,0.9998849800444912,-0.0098130986484878,TRAF6
TRFH,11,982,174929.0,0.16040276640909945,-0.10032607130366805,388872,-7.362632825010025,-1.7213043176626137,-7.367709255163156,-5.169233180694249,Naive_High,0.35457453627274615,,TRFH,Naive_High,0.0034496714860709,0.1458415564790421,0.9811289522285846,0.9998849800444912,0.0049768239456505,TRFH
TYR,88,905,1223727.0,2.6973070118211804e-08,-0.146348150008371,2867040,-9.489681129480223,-1.0344948747243505,-6.919417444429589,-5.018248223106406,Naive_High,3.965041307377135e-06,***,TYR,Naive_High,-0.0285227134565088,0.0535885808636193,0.5945503851435456,0.9998849800444912,-0.0411495772564022,TYR
UBA3,92,901,1340543.0,8.288304559418442e-05,-0.10154645670135705,2984112,-5.035201898720571,-1.4517993633046662,-7.2718163457151235,-4.987826416767049,Naive_High,0.0020306346170575183,**,UBA3,Naive_High,-0.0263996146834787,0.0423203216316693,0.5327558659138449,0.9998849800444912,-0.0380865931852342,UBA3
USP7,449,544,4599764.5,0.002109297163892481,0.04620755364135261,8793216,-0.957631357378731,-2.465686252861666,-4.5703329528150665,-5.996420402446974,Naive_High,0.01879192018740574,*,USP7,Naive_High,-0.0061918652216338,0.0250043920402122,0.8044198421098194,0.9998849800444912,-0.008932973249104,USP7
WD40,534,459,4453632.0,0.5284896514586761,0.009457132832325606,8823816,-2.1702587191200498,-1.334186590435055,-4.922984855226172,-5.569411780485744,Naive_High,0.7160182374601418,,WD40,Naive_High,-0.0345760547946544,0.0258248807395504,0.1806142997365896,0.9998849800444912,-0.049882702785753,WD40
WRC,44,949,741597.0,0.7140706856020074,-0.013319443113963662,1503216,-3.9459829477363964,-1.683547472412429,-5.67750181337004,-5.166819362997503,Naive_High,0.8397471262679607,,WRC,Naive_High,-0.0036393661818008,0.0663521155229544,0.956258534671538,0.9998849800444912,-0.005250495542463,WRC
WW,254,739,3684061.5,1.3547822484656627e-07,0.09037581821216868,6757416,1.022752499976137,-2.748428871466489,-3.791820439192571,-5.942093074956151,Naive_High,1.3276866034963494e-05,***,WW,Naive_High,0.0011271428678909,0.034266184918269,0.9737593274031942,0.9998849800444912,0.0016261234258796,WW
deltaCOP1,14,979,253360.0,0.6708880478836782,0.026963049434959547,493416,-2.890990275007302,-1.767963163605408,-4.103664394407447,-5.217963965525554,Naive_High,0.8083651068762352,,deltaCOP1,Naive_High,-0.0025238714599048,0.1111740718230123,0.9818879971147574,0.9998849800444912,-0.0036411768390458,deltaCOP1
eIF4E,14,979,265388.0,0.23273800138734668,0.07571704200917684,493416,-1.8841438977696476,-1.7823613753330152,-5.0647082328797985,-5.2081242843962094,Naive_High,0.4276560775492495,,eIF4E,Naive_High,0.0017976537896264,0.1067876279105504,0.9865691139296772,0.9998849800444912,0.0025934662075293,eIF4E
14-3-3,393,600,4235137.0,0.8865569496182412,-0.0021824050513617943,8488800,-0.9519855610402979,-0.8687440165194396,-4.576559147202727,-4.569905275112214,Naive_Low,0.9297038077393421,,ELM_14_3_3,Naive_Low,0.0,0.0,,,0.0,14-3-3
ANK,16,977,290784.0,0.5736014870280449,0.03343568747867622,562752,-0.19581835882134838,-0.9132483537966828,-3.260752772665086,-4.618562711751274,Naive_Low,0.7461895450718815,,ANK,Naive_Low,0.0,0.0,,,0.0,ANK
APCC,38,955,615282.0,0.1363671275159393,-0.05807844217874529,1306440,-4.69292042000091,-0.7508332559586034,-4.679590282340204,-4.551167341521491,Naive_Low,0.3181899642038583,,APCC,Naive_Low,0.0,0.0,,,0.0,APCC
Actin,26,967,401720.0,0.016492149917385884,-0.11233084966280416,905112,-4.785405110507063,-0.797265979862789,-5.540506247776876,-4.533108325697693,Naive_Low,0.08081153459519083,,Actin,Naive_Low,0.0,0.0,,,0.0,Actin
Arc,147,846,2282928.5,0.34623899244493794,0.01984015302995377,4477032,-1.3472362876059325,-0.824270686905944,-3.994638444862133,-4.734049266000586,Naive_Low,0.5689687783561196,,Arc,Naive_Low,0.0,0.0,,,0.0,Arc
BIR,163,830,2305024.5,0.008112128205811177,-0.053463547441298935,4870440,-2.8307936190036243,-0.5228402114492893,-5.6883888710629655,-4.368392329887137,Naive_Low,0.05207538253402898,,BIR,Naive_Low,0.0,0.0,,,0.0,BIR
BRCT,103,890,1594048.0,0.1664753909073894,-0.03394543228731076,3300120,-1.8430946714847076,-0.7927393081321078,-5.063383875686641,-4.462185546025868,Naive_Low,0.36254640686498135,,BRCT,Naive_Low,0.0,0.0,,,0.0,BRCT
CDC14,12,981,218347.5,0.6565458455894153,0.030446539811983236,423792,-3.6070230524678837,-0.8685957785635944,-2.80106531198318,-4.598285378568077,Naive_Low,0.7943394181205271,,CDC14,Naive_Low,0.0,0.0,,,0.0,CDC14
CKS1,45,948,716192.5,0.061255672625658,-0.0673119497838204,1535760,-4.1008837639818125,-0.7498280232292395,-5.134222633901455,-4.53222434347597,Naive_Low,0.183250461277291,,CKS1,Naive_Low,0.0,0.0,,,0.0,CKS1
CSL,10,983,166269.0,0.4208573186896145,-0.06030857917938284,353880,-3.16184409645311,-0.878696128622553,-4.311138299351625,-4.586445732121443,Naive_Low,0.6215727703887928,,CSL,Naive_Low,0.0,0.0,,,0.0,CSL
CYCLIN,139,854,2124203.0,0.7860483972387825,-0.005852460888432111,4273416,-2.0689125832552504,-0.7117071268477997,-4.254483476260829,-4.626754808270391,Naive_Low,0.8687903337902333,,CYCLIN,Naive_Low,0.0,0.0,,,0.0,CYCLIN
Clathr,14,979,210583.0,0.02100996961198993,-0.14642816609108744,493416,-5.835689211651097,-0.8311308339503426,-8.062438890394777,-4.533108325697693,Naive_Low,0.09502970870653907,,Clathr,Naive_Low,0.0,0.0,,,0.0,Clathr
DLG,13,980,228052.0,0.9330661734064921,-0.005529391243676958,458640,-0.23925352326803173,-0.9104759587734861,-5.294696275147523,-4.55489599159991,Naive_Low,0.9525050520191274,,DLG,Naive_Low,0.0,0.0,,,0.0,DLG
EVH1,12,981,238427.0,0.06742529955198313,0.12520764903537585,423792,2.6191704900233157,-0.9447571674625693,-2.013022904119843,-4.618562711751274,Naive_Low,0.1906061352719523,,EVH1,Naive_Low,0.0,0.0,,,0.0,EVH1
FHA,402,591,4215112.5,0.34641296369301156,-0.014349080878742216,8552952,-1.7438051533796404,-0.32887828044312234,-4.632672657532448,-4.486273579292037,Naive_Low,0.5689687783561196,,FHA,Naive_Low,0.0,0.0,,,0.0,FHA
GBD,11,982,151710.0,0.0021078942441518744,-0.21974325742146517,388872,-7.425113545527188,-0.8286155665984741,-8.035234156549684,-4.476388940331303,Naive_Low,0.01879192018740574,*,GBD,Naive_Low,0.0,0.0,,,0.0,GBD
IRF7,17,976,317905.0,0.26372268525695397,0.06445207864566592,597312,-0.9341493124178427,-0.9011231527555301,-2.469907852301867,-4.598285378568077,Naive_Low,0.4699058755487543,,IRF7,Naive_Low,0.0,0.0,,,0.0,IRF7
Integrin,11,982,216848.0,0.10679522695076893,0.11526672015470386,388872,1.1283818288682896,-0.9244286512403787,-2.2095258885944267,-4.607449555427843,Naive_Low,0.25526664002866717,,Integrin,Naive_Low,0.0,0.0,,,0.0,Integrin
LIR,412,581,4201910.5,0.10259550892559598,-0.02478371646549211,8617392,-1.5210149385776333,-0.46251046593204104,-4.55104298996371,-4.594339823461102,Naive_Low,0.25120668233081656,,LIR,Naive_Low,0.0,0.0,,,0.0,LIR
LYPXL,12,981,192859.0,0.18943775832451726,-0.08984124287386265,423792,-5.644405764532317,-0.843673665877791,-4.731984132810098,-4.560360320394471,Naive_Low,0.39221620385498646,,LYPXL,Naive_Low,0.0,0.0,,,0.0,LYPXL
MAPK,271,722,3704325.5,0.002040849154278979,0.05179268897952138,7043832,0.039913631238356895,-1.2551154147729853,-3.564551673141331,-4.948841847724774,Naive_Low,0.01879192018740574,*,MAPK,Naive_Low,0.0,0.0,,,0.0,MAPK
MSH2,28,965,492693.0,0.7732488914009668,0.013021218850234394,972720,-0.368916077379139,-0.9171472385843367,-5.286768267856287,-4.540816267746348,Naive_Low,0.8644105565385074,,MSH2,Naive_Low,0.0,0.0,,,0.0,MSH2
MYND,25,968,415878.0,0.3430443274323435,-0.04527548209366391,871200,-3.6253500392069493,-0.8313460582854617,-5.852436323061152,-4.5297543817594335,Naive_Low,0.5689687783561196,,MYND,Naive_Low,0.0,0.0,,,0.0,MYND
NRBOX,26,967,417325.0,0.0965583918942496,-0.07784892919329321,905112,-2.938043703929944,-0.8469365037211193,-6.87433435096324,-4.4922148075193915,Naive_Low,0.24057768827889306,,NRBOX,Naive_Low,0.0,0.0,,,0.0,NRBOX
NRP,32,961,592995.0,0.0923957583673754,0.07128533645508152,1107072,0.007045213612796901,-0.931948160495432,-2.9310900629003944,-4.635715614440436,Naive_Low,0.23226520813404058,,NRP,Naive_Low,0.0,0.0,,,0.0,NRP
PCNA,35,958,571834.0,0.1953194668952326,-0.05253338635384564,1207080,-2.7637720367107503,-0.8336583654651615,-5.416070775058591,-4.524351253910342,Naive_Low,0.3947472205267471,,PCNA,Naive_Low,0.0,0.0,,,0.0,PCNA
PDZ,207,786,2891833.5,0.4949973423231294,-0.012566430242611237,5857272,-1.58549322115083,-0.7216025936670216,-4.540816267746348,-4.589109756329055,Naive_Low,0.6897119366966826,,PDZ,Naive_Low,0.0,0.0,,,0.0,PDZ
PP1,77,916,1204222.5,0.06570152359352924,-0.051476634718992796,2539152,-2.3264383706514726,-0.7819224681881412,-5.284159255521724,-4.489860128249504,Naive_Low,0.18753638773298636,,PP1,Naive_Low,0.0,0.0,,,0.0,PP1
PP2A,56,937,1030106.5,0.00518671201908616,0.09064146380715217,1888992,1.8895186374066668,-1.0685056340397803,-3.0569626040665154,-4.747657114513449,Naive_Low,0.039099829066957206,*,PP2A,Naive_Low,0.0,0.0,,,0.0,PP2A
PP2B,32,961,534476.0,0.41628572257202934,-0.034433171464909235,1107072,-3.0167149877340798,-0.8312610362050052,-3.5418071890585763,-4.623432875348919,Naive_Low,0.6212588956151097,,PP2B,Naive_Low,0.0,0.0,,,0.0,PP2B
PP4,66,927,1102893.5,0.9610041924140736,0.0014687507945328874,2202552,-1.2010648052344897,-0.8803737413754309,-4.474136750251441,-4.586445732121443,Naive_Low,0.9675864129100605,,PP4,Naive_Low,0.0,0.0,,,0.0,PP4
PTB,46,947,819687.0,0.20243544399245617,0.04536446138071408,1568232,0.059168875767721583,-0.9483616723187075,-4.177611788069464,-4.623432875348919,Naive_Low,0.3967734702252141,,PTB,Naive_Low,0.0,0.0,,,0.0,PTB
Pex14,131,862,1956858.5,0.0918601711668069,-0.03726146268122145,4065192,-1.4755207341001244,-0.8144820408739958,-5.522812193038856,-4.335120916405877,Naive_Low,0.23226520813404058,,Pex14,Naive_Low,0.0,0.0,,,0.0,Pex14
REV1ctd,29,964,550301.0,0.035158650568581695,0.0935855550786156,1006416,2.2876596943192196,-0.9976336789790021,-4.216541418858364,-4.58823646724214,Naive_Low,0.1308435856602914,,REV1ctd,Naive_Low,0.0,0.0,,,0.0,REV1ctd
SH2,452,541,4336127.5,0.32223426914336295,-0.0148693331661205,8803152,-1.3755117984404552,-0.505814052690231,-4.384597916105108,-4.79344344468217,Naive_Low,0.5413535721608498,,SH2,Naive_Low,0.0,0.0,,,0.0,SH2
SH3,231,762,3268533.0,0.07424572314140912,0.03160495089628948,6336792,-1.0389793950302606,-0.8600688912710113,-3.611659255614417,-4.9136014833176045,Naive_Low,0.20788802479594554,,SH3,Naive_Low,0.0,0.0,,,0.0,SH3
SUMO,105,888,1645528.5,0.4218778395465773,-0.01953828828828829,3356640,-1.6572728342503456,-0.8123458195993406,-4.980385566488703,-4.5297543817594335,Naive_Low,0.6215727703887928,,SUMO,Naive_Low,0.0,0.0,,,0.0,SUMO
TRAF2like,45,948,815757.0,0.082977917926894,0.06234958587279262,1535760,1.2105137450467862,-1.0019513227084451,-3.2812444482976764,-4.683289074943946,Naive_Low,0.2217773442773349,,TRAF2like,Naive_Low,0.0,0.0,,,0.0,TRAF2like
TRAF4,32,961,612009.0,0.012637138797323292,0.10563540582726327,1107072,1.906084080136725,-0.9951835858115254,-2.8654156463835703,-4.623432875348919,Naive_Low,0.06815977715760234,,TRAF4,Naive_Low,0.0,0.0,,,0.0,TRAF4
TRAF6,30,963,552652.5,0.15103229845867983,0.06275239413868697,1040040,-0.09227300769420026,-0.9269039929072428,-2.84603579068186,-4.691281413752604,Naive_Low,0.3389579828003959,,TRAF6,Naive_Low,0.0,0.0,,,0.0,TRAF6
TRFH,11,982,170249.0,0.08177154651548135,-0.12439568804130922,388872,-4.771762585651571,-0.8583374205278345,-7.3895254997467035,-4.543816596463519,Naive_Low,0.2217773442773349,,TRFH,Naive_Low,0.0,0.0,,,0.0,TRFH
TYR,88,905,1300583.5,0.00042646915668891614,-0.0927343183213349,2867040,-5.0877821489077775,-0.49464299038300136,-4.9236088280096,-4.5297543817594335,Naive_Low,0.005699178730297335,**,TYR,Naive_Low,0.0,0.0,,,0.0,TYR
UBA3,92,901,1458947.0,0.38974819015142526,-0.022190185891146175,2984112,-0.7011518410626155,-0.922165112122908,-5.2004269373315655,-4.493513236433928,Naive_Low,0.6062749624577726,,UBA3,Naive_Low,0.0,0.0,,,0.0,UBA3
USP7,449,544,4489412.0,0.1601963116031626,0.021108090600754036,8793216,-1.1789989471388092,-0.6728055296602489,-4.265471153193097,-4.948841847724774,Naive_Low,0.35457453627274615,,USP7,Naive_Low,0.0,0.0,,,0.0,USP7
WD40,534,459,4376803.0,0.5958896637497872,-0.007956874894036774,8823816,-1.2734465204736947,-0.4691858245480345,-4.6122900102955935,-4.527886252402256,Naive_Low,0.7717689918169051,,WD40,Naive_Low,0.0,0.0,,,0.0,WD40
WRC,44,949,742622.0,0.7422475250508529,-0.011955700311864695,1503216,-1.3357164083149407,-0.8815650299627431,-4.974874010368273,-4.543816596463519,Naive_Low,0.8599017812888912,,WRC,Naive_Low,0.0,0.0,,,0.0,WRC
WW,254,739,3464520.0,0.1385120463184531,0.025397873980231498,6757416,-1.2023400811342575,-0.798352306890933,-3.7773804427149535,-4.998437566156689,Naive_Low,0.318617701099905,,WW,Naive_Low,0.0,0.0,,,0.0,WW
deltaCOP1,14,979,239202.0,0.6315921289977462,-0.030424631548227055,493416,-4.372923659656693,-0.8520488295866262,-4.042028645387904,-4.593803795006556,Naive_Low,0.7834940334402422,,deltaCOP1,Naive_Low,0.0,0.0,,,0.0,deltaCOP1
eIF4E,14,979,289169.0,0.006676183422707788,0.17211034907664122,493416,4.660013930048777,-0.9812226051288901,-2.9820865534202134,-4.593803795006556,Naive_Low,0.045646463401769526,*,eIF4E,Naive_Low,0.0,0.0,,,0.0,eIF4E
14-3-3,393,600,4313388.0,0.2879840614890966,0.016253887475261523,8488800,-0.8487651005931578,-2.3412407982884464,-5.006057998889456,-5.252976614962048,CM_High,0.5024735345904315,,ELM_14_3_3,CM_High,-0.0439746202849189,0.0263125617862223,0.0946741733525218,0.9998849800444912,-0.0634419666100277,14-3-3
ANK,16,977,291118.0,0.5600715828400342,0.0346227112475833,562752,-4.586315723625234,-1.7041229395375386,-3.361849435924527,-5.165494666305536,CM_High,0.7372341347600978,,ANK,CM_High,0.0037727798749477,0.1158546875063945,0.9740216738671618,0.9998849800444912,0.0054429708159528,ANK
APCC,38,955,661575.0,0.7429083416577494,0.012790484063562046,1306440,-2.401669040172802,-1.724655225109542,-4.551329220202422,-5.1439614560059335,CM_High,0.8599017812888912,,APCC,CM_High,-0.003842960595472,0.0719825608057103,0.9574232572041524,0.9998849800444912,-0.0055442201934191,APCC
Actin,26,967,454644.0,0.9215635366592485,0.00461379365205632,905112,-4.3712855674484405,-1.680099005948831,-4.475768587714258,-5.11685656531157,CM_High,0.9506655430800668,,Actin,CM_High,0.0066609652352279,0.0866916664055724,0.9387547056802998,0.9998849800444912,0.0096097415123971,Actin
Arc,147,846,2350819.0,0.017230056524459827,0.050168504491368386,4477032,-1.1203369810815962,-1.860070481426932,-4.205442431985475,-5.358166925819393,CM_High,0.08170381642243854,,Arc,CM_High,0.0150839739835164,0.0402890456829895,0.7081112613447967,0.9998849800444912,0.0217615744629173,Arc
BIR,163,830,2348957.5,0.07942374905992496,-0.03542287760448748,4870440,-2.442346846133051,-1.6147067802246888,-5.730086903733476,-5.019100845310391,CM_High,0.21822974040764428,,BIR,CM_High,-0.0008223541158253,0.0338061437254472,0.9805929078101664,0.9998849800444912,-0.0011864062047559,BIR
BRCT,103,890,1660458.0,0.7972998555938311,0.0063015890331260685,3300120,-0.41527610059309183,-1.9050963203877425,-4.658331419788922,-5.172151910868682,CM_High,0.8720680134303134,,BRCT,CM_High,-0.0105592333268732,0.0474047653805422,0.823733009685385,0.9998849800444912,-0.0152337535562695,BRCT
CDC14,12,981,204562.0,0.6131932401650515,-0.03461131876014649,423792,-7.643453965553369,-1.678478813373638,-4.082985374453148,-5.126884212398724,CM_High,0.7781525411853807,,CDC14,CM_High,-8.250021841747675e-05,0.1497625569127417,0.9995604665908098,0.9998849800444912,-0.0001190226559831,CDC14
CKS1,45,948,708988.5,0.0329649001359852,-0.07669362400375059,1535760,-5.462704867092587,-1.574353844395583,-6.326986148871945,-5.051543951681143,CM_High,0.12752211368394276,,CKS1,CM_High,0.0073392809783046,0.0705985558254152,0.917202720514751,0.9998849800444912,0.0105883442710908,CKS1
CSL,10,983,170886.0,0.6479233860506168,-0.03421498813157002,353880,-5.30986437442858,-1.7143545470619463,-4.136058057676339,-5.1130234701578114,CM_High,0.7915657642086564,,CSL,CM_High,-0.0034095253537974,0.1440910537092177,0.9811219799603896,0.9998849800444912,-0.0049189053197088,CSL
CYCLIN,139,854,2234303.5,0.034126371544927,0.0456756374759677,4273416,-1.2970947748431887,-1.8243711824390816,-4.30555378639396,-5.28011350686166,CM_High,0.12863016966934024,,CYCLIN,CM_High,0.0151454078711443,0.0396776165318448,0.7026752690932075,0.9998849800444912,0.0218502048279406,CYCLIN
Clathr,14,979,241795.0,0.7536471815066386,-0.019914230588387892,493416,-2.60342590465081,-1.7383669058642164,-5.633577040753673,-5.097389507255738,CM_High,0.8621489158091508,,Clathr,CM_High,0.0056738083719766,0.1187855238815059,0.9619034110697656,0.9998849800444912,0.008185575201205,Clathr
DLG,13,980,195405.0,0.024623394796855002,-0.1478937728937729,458640,-5.99943202564019,-1.6942005583396498,-7.501949883484902,-5.064796599322525,CM_High,0.10341825814679101,,DLG,CM_High,-0.0082417894919039,0.1098796072156187,0.9402087818331628,0.9998849800444912,-0.0118903888280205,DLG
EVH1,12,981,202994.0,0.5394746419943872,-0.042011175293540225,423792,-3.855917671773373,-1.7248095325636073,-5.518559334736055,-5.1011631098855865,CM_High,0.7242262317184924,,EVH1,CM_High,-0.0121038237001966,0.1260356481906575,0.923492836627116,0.9998849800444912,-0.0174621264280679,EVH1
FHA,402,591,4295899.0,0.7656849488937681,0.004541823688476213,8552952,-2.217447670181945,-1.4329868021878804,-4.960591205887823,-5.271037399810888,CM_High,0.8644105565385074,,FHA,CM_High,-0.0371569993809582,0.0266008026576423,0.1624624347806452,0.9998849800444912,-0.0536062187412226,FHA
GBD,11,982,153843.0,0.0034879809118403215,-0.20877306671604023,388872,-9.253393805629365,-1.6665191768271446,-7.90086721838723,-5.061778419771713,CM_High,0.029299039659458702,*,GBD,CM_High,-0.0021424497645243,0.1321294704773766,0.9870630474839016,0.9998849800444912,-0.0030909016506329,GBD
IRF7,17,976,292079.0,0.7025691463380408,-0.02202199185685203,597312,-4.657805387887015,-1.6999246638443648,-6.389566480570673,-5.084704866587245,CM_High,0.8341216202594965,,IRF7,CM_High,-0.0003851838458395,0.1000271102993359,0.9969275181178784,0.9998849800444912,-0.0005557028242233,IRF7
Integrin,11,982,211779.0,0.21203346562221093,0.08919644510275875,388872,-0.07914310953199409,-1.7692857324860765,-3.093723489814883,-5.11685656531157,CM_High,0.399601531364936,,Integrin,CM_High,-0.0020121163015308,0.126791915928895,0.9873385528008348,0.9998849800444912,-0.0029028702099103,Integrin
LIR,412,581,4312295.0,0.956130913983199,0.0008352875208647814,8617392,-1.9421003623455662,-1.614739783510853,-4.963602553666406,-5.215029971934484,CM_High,0.9664980980793746,,LIR,CM_High,-0.0163441455716207,0.0299378428153078,0.5851099445185897,0.9998849800444912,-0.0235796177637445,LIR
LYPXL,12,981,188366.0,0.10481182332859873,-0.11104504096349152,423792,-6.958742400855005,-1.6868544900060336,-5.569977221240756,-5.1011631098855865,CM_High,0.25257931195580346,,LYPXL,CM_High,-0.0016233870479853,0.1162453615086807,0.9888577630615568,0.9998849800444912,-0.0023420524435717,LYPXL
MAPK,271,722,3540245.0,0.7566344070375156,0.005204269494218488,7043832,-1.8456327351835051,-1.7148790751682124,-4.962853547523725,-5.175782993719471,CM_High,0.8622113010427503,,MAPK,CM_High,-0.0253351894375009,0.0304934819370716,0.4060643021907693,0.9998849800444912,-0.036550952161465,MAPK
MSH2,28,965,443138.0,0.049232578683188435,-0.08886832798749897,972720,-5.050666517595838,-1.6548088093404099,-6.115874103194636,-5.0595279190541,CM_High,0.15905910036107032,,MSH2,CM_High,-0.0043165091502186,0.0835919321976493,0.9588172453752366,0.9998849800444912,-0.0062274063449723,MSH2
MYND,25,968,418101.0,0.4001853913892668,-0.04017217630853995,871200,-5.102181542178411,-1.6640027117269822,-4.945277717827107,-5.111482409658901,CM_High,0.6096088345515256,,MYND,CM_High,-0.0010664685194541,0.0941064465864119,0.990958105592778,0.9998849800444912,-0.0015385888442806,MYND
NRBOX,26,967,388862.0,0.00266164951509524,-0.14074280310061074,905112,-5.156448933390612,-1.6589880984881318,-8.228911063170953,-5.01707554018461,CM_High,0.02301543992464708,*,NRBOX,CM_High,-0.0032436664546945,0.0805325396045956,0.9678717224276469,0.9998849800444912,-0.0046796215084857,NRBOX
NRP,32,961,560998.0,0.7503099102041584,0.013480604694184299,1107072,-3.0917622536105682,-1.7059029879195016,-3.3117338939782215,-5.126884212398724,CM_High,0.8616840375000882,,NRP,CM_High,-0.0092431529921627,0.0707150284388025,0.8960048150565432,0.9998849800444912,-0.0133350509839712,NRP
PCNA,35,958,594225.0,0.7036127953209359,-0.015433939755442888,1207080,-2.8824853886105553,-1.7092089508400934,-5.663809126132539,-5.078843985993707,CM_High,0.8341216202594965,,PCNA,CM_High,0.0074967074170358,0.0686279349339041,0.9130145408474706,0.9998849800444912,0.0108154626135531,PCNA
PDZ,207,786,2722376.0,0.0001310586839308029,-0.07042869103569034,5857272,-4.006406226050173,-1.1564670161753094,-6.182384851814347,-4.893440523180403,CM_High,0.002963942544281235,**,PDZ,CM_High,-0.0513933654936181,0.0325259450661878,0.1140901645576307,0.9998849800444912,-0.0741449535322368,PDZ
PP1,77,916,1290183.0,0.5617021979124555,0.016231403240136864,2539152,-2.3606193761619862,-1.6992810824691116,-4.806009574480823,-5.1384871273418025,CM_High,0.7372341347600978,,PP1,CM_High,-0.0079109351186047,0.0481123705098673,0.8693956255256706,0.9998849800444912,-0.0114130668644053,PP1
PP2A,56,937,1023334.5,0.010050284822980319,0.08347150226152361,1888992,-0.4382872800023874,-1.8289915430374017,-3.652023157437892,-5.311531041436777,CM_High,0.060301708937881913,,PP2A,CM_High,-0.007680438633804,0.0645872922878522,0.9053421976810304,0.9998849800444912,-0.0110805307288411,PP2A
PP2B,32,961,549117.0,0.8505257051168528,-0.007983220603537981,1107072,-4.388357304538821,-1.6627281267023275,-4.458091200557744,-5.11685656531157,CM_High,0.915592546168298,,PP2B,CM_High,-0.0052442597702924,0.0843923836138308,0.9504502386032444,0.9998849800444912,-0.0075658675637343,PP2B
PP4,66,927,1095160.5,0.8533073389459648,-0.005553103854074728,2202552,-2.036957580615473,-1.7301725600707205,-4.986410382142289,-5.113870788783727,CM_High,0.915592546168298,,PP4,CM_High,-0.0021584293513316,0.0568289163055836,0.9697026866560468,0.9998849800444912,-0.0031139553212753,PP4
PTB,46,947,798764.0,0.5996647174816652,0.01868090945727418,1568232,-1.9702237180992532,-1.7398932127493278,-4.686098763250705,-5.1531301719355955,CM_High,0.7732518725421472,,PTB,CM_High,-0.0013912861790153,0.0643366121409909,0.9827470050106492,0.9998849800444912,-0.0020072016709227,PTB
Pex14,131,862,2010533.5,0.6234050271083968,-0.010854345870994531,4065192,-2.427940484789986,-1.647620603246741,-5.745229263341548,-5.029758486237724,CM_High,0.7801733651118551,,Pex14,CM_High,-0.024529942053755,0.0400501343798874,0.5402196360518222,0.9998849800444912,-0.0353892257542459,Pex14
REV1ctd,29,964,532028.0,0.19734784941037964,0.05727253938729114,1006416,0.46759149044214415,-1.8172918223329888,-5.13759281568373,-5.107149297347338,CM_High,0.3947472205267471,,REV1ctd,CM_High,-0.0008603683276044,0.0743272593907227,0.9907643671917234,0.9998849800444912,-0.0012412491195728,REV1ctd
SH2,452,541,4378183.0,0.7234865512332108,-0.005314687284736195,8803152,-2.3259451578773023,-1.269837249807095,-4.969981059863727,-5.271037399810888,CM_High,0.8440676431054126,,SH2,CM_High,-0.0350828030672887,0.0284391149586276,0.217347918001837,0.9998849800444912,-0.0506137860056615,SH2
SH3,231,762,3204690.0,0.5176379449187397,0.011455007517999645,6336792,-2.5121034191668317,-1.5197024588958545,-4.573347098940361,-5.4917476823420515,CM_High,0.7078397944470208,,SH3,CM_High,-0.0318865813324259,0.033676773027158,0.3437193235406715,0.9998849800444912,-0.0460026127591934,SH3
SUMO,105,888,1692795.5,0.7229312477483965,0.008624994041660708,3356640,-1.8633940478664044,-1.7372216086488812,-4.951052038907891,-5.1463597984735925,CM_High,0.8440676431054126,,SUMO,CM_High,0.0114593927419015,0.0433370060456621,0.7914523622151668,0.9998849800444912,0.0165324090803403,SUMO
TRAF2like,45,948,829508.0,0.025641257968209874,0.0802573318747721,1535760,-0.5963684059942531,-1.8053508283084787,-3.4221388214635993,-5.266495729875015,CM_High,0.10617647665709441,,TRAF2like,CM_High,-0.0051999498797952,0.0698864632850196,0.9406875887064904,0.9998849800444912,-0.0075019419044517,TRAF2like
TRAF4,32,961,598172.0,0.05695047103261062,0.08063793502138976,1107072,-1.0242867741619959,-1.7747471245920865,-3.1527427239490304,-5.208671479605789,CM_High,0.17458670302701051,,TRAF4,CM_High,0.0023843795928792,0.0736345444617952,0.9741680041486712,0.9998849800444912,0.0034399326142437,TRAF4
TRAF6,30,963,490147.5,0.18869569019281252,-0.05744490596515519,1040040,-5.538486552180925,-1.6325592595438745,-5.676664566272339,-5.081184761867439,CM_High,0.39221620385498646,,TRAF6,CM_High,-0.0140446694980431,0.0842548454085865,0.8676118326484566,0.9998849800444912,-0.0202621750357513,TRAF6
TRFH,11,982,166753.0,0.04636272033693808,-0.14237589746754717,388872,-7.640527811356693,-1.6845859038505657,-6.75845982063439,-5.071949611969657,CM_High,0.15315325594449208,,TRFH,CM_High,-0.0068700474397898,0.1415660367437003,0.9612947135637115,0.9998849800444912,-0.0099113833720567,TRFH
TYR,88,905,1390346.0,0.25253811583190433,-0.030117473073274177,2867040,-4.527282155898764,-1.480561694792362,-4.776220767919128,-5.1463597984735925,CM_High,0.45272076862548705,,TYR,CM_High,0.0043406246362359,0.0544027890860593,0.93640682023665,0.9998849800444912,0.006262197637058,TYR
UBA3,92,901,1421176.5,0.06558419055376186,-0.04750458427833808,2984112,-3.0004197538748447,-1.6229417826300705,-6.216324531720613,-5.0595279190541,CM_High,0.18753638773298636,,UBA3,CM_High,-0.0052176891455152,0.0434976636842922,0.904520126578254,0.9998849800444912,-0.007527534255135,UBA3
USP7,449,544,4533863.0,0.03779266335085713,0.031218384718401094,8793216,-1.4928804662171662,-1.9632460187034406,-4.644284599426339,-5.791130877456061,CM_High,0.13717337068088883,,USP7,CM_High,-0.0240552399269234,0.0256145596884503,0.3476672402264263,0.9998849800444912,-0.0347043753499666,USP7
WD40,534,459,4343099.5,0.29858321747297867,-0.015596086772434965,8823816,-2.78170301829987,-0.5509362782876877,-5.061778419771713,-5.253351246506114,CM_High,0.510368988006138,,WD40,CM_High,-0.0535706087230623,0.0264965199969965,0.0431972339021933,0.9998849800444912,-0.0772860515421651,WD40
WRC,44,949,734511.0,0.5314793215467131,-0.022747229939010762,1503216,-3.260431895702326,-1.680558651312199,-5.644510074588322,-5.073693472463055,CM_High,0.716765690526301,,WRC,CM_High,-0.0141417629120779,0.0664804132921957,0.8315447864419931,0.9998849800444912,-0.0204022512226823,WRC
WW,254,739,3545455.5,0.0039952596036871655,0.04935244478066764,6757416,-1.8561709981524976,-1.7142648578828747,-4.2019453030357825,-5.81920168486463,CM_High,0.03174611685091964,*,WW,CM_High,-0.0038691718999525,0.0349107047415687,0.9117507352555324,0.9998849800444912,-0.0055820351124085,WW
deltaCOP1,14,979,284767.0,0.01504232629416931,0.15426739303143797,493416,2.0220483051300344,-1.8045126044719095,-2.24870911781285,-5.160212754734264,CM_High,0.07495667678789454,,deltaCOP1,CM_High,0.0086738280111395,0.1203264183838618,0.9425336143438088,0.9998849800444912,0.0125136886571947,deltaCOP1
eIF4E,14,979,258630.0,0.4462974304914591,0.048324334841188775,493416,-0.1527742889925354,-1.7734119749338952,-6.141664527815511,-5.090849091581209,CM_High,0.6431933557082793,,eIF4E,CM_High,-0.0086840504747167,0.1051107843548936,0.9341552300787426,0.9998849800444912,-0.0125284365547032,eIF4E
14-3-3,393,600,4135017.0,0.09204193705764854,-0.025771133729148996,8488800,-1.400105058193462,-0.08924578869540804,-4.841299238031968,-4.4530917040772815,CM_Low,0.23226520813404058,,ELM_14_3_3,CM_Low,-0.0525969408572658,0.0275744769984364,0.0564623178222158,0.9998849800444912,-0.0758813457407075,14-3-3
ANK,16,977,267309.0,0.4000924748517004,-0.04999360286591607,562752,-2.649830983564772,-0.5746074363871434,-3.6451335112878294,-4.64748483153394,CM_Low,0.6096088345515256,,ANK,CM_Low,-0.0053828416427281,0.1188507056523733,0.9638755331725696,0.9998849800444912,-0.0077657989438544,ANK
APCC,38,955,643006.0,0.6884273184800733,-0.015636385903677167,1306440,-2.9623597042660053,-0.5143655417017458,-4.873803074170755,-4.589429966366245,CM_Low,0.826112782176088,,APCC,CM_Low,-0.0004591393946908,0.0755946872216616,0.9951539189407922,0.9998849800444912,-0.0006623981277972,APCC
Actin,26,967,442897.0,0.6486936854383242,-0.02134321498333908,905112,-0.9110444188465021,-0.5998982483942775,-4.3491455423203735,-4.612388070431667,CM_Low,0.7915657642086564,,Actin,CM_Low,0.0010491419934509,0.090439315875942,0.9907443414840144,0.9998849800444912,0.00151359195114,Actin
Arc,147,846,2299631.5,0.1949223898992326,0.027301792794869457,4477032,-0.06315510836452685,-0.7027245391934871,-3.7934331542569137,-4.821078384607903,CM_Low,0.3947472205267471,,Arc,CM_Low,-0.0268744165813434,0.0420867153273163,0.5231165751381234,0.9998849800444912,-0.0387715875286883,Arc
BIR,163,830,2494105.5,0.23116651940925292,0.024180772168428316,4870440,1.4235517615435442,-1.0070213231552687,-4.140737830698341,-4.672952533392385,CM_Low,0.4274399792850337,,BIR,CM_Low,0.0253924582390389,0.0358445328821354,0.4786935818301222,0.9998849800444912,0.0366335735774416,BIR
BRCT,103,890,1630345.0,0.6262616128108769,-0.011948050373925797,3300120,0.10592851712896748,-0.6906734812938867,-4.3456406192185515,-4.655346300312894,CM_Low,0.7801733651118551,,BRCT,CM_Low,-0.0119126010491373,0.0496254368163782,0.8102912617688947,0.9998849800444912,-0.0171862504576791,BRCT
CDC14,12,981,210663.5,0.9323205958321029,-0.005816532638652924,423792,7.218170077269046,-0.7037785953256923,-3.4140547072191176,-4.621427872150669,CM_Low,0.9525050520191274,,CDC14,CM_Low,0.0045304926619371,0.1652860762464382,0.9781327160686654,0.9998849800444912,0.0065361192961606,CDC14
CKS1,45,948,772096.5,0.8786615275660182,0.005491092358180966,1535760,2.299674451715251,-0.7460697377789679,-4.34304200545056,-4.618700114377965,CM_Low,0.9297038077393421,,CKS1,CM_Low,-0.0010212009327244,0.0757710513594108,0.9892468722977552,0.9998849800444912,-0.0014732815213926,CKS1
CSL,10,983,182927.0,0.6515609351649485,0.03383632869899401,353880,1.0362466509162072,-0.6247723576769457,-3.5803991917298505,-4.612388070431667,CM_Low,0.7915657642086564,,CSL,CM_Low,0.0062320790182004,0.1647760012167867,0.96982998523517,0.9998849800444912,0.008990989493986,CSL
CYCLIN,139,854,2240762.0,0.02389736328853785,0.04869827791162854,4273416,1.7145305018546722,-0.9860755279216333,-3.833532566281315,-4.782779395278277,CM_Low,0.10294694136114764,,CYCLIN,CM_Low,0.0280470222888708,0.0419736762575957,0.5040027146769483,0.9998849800444912,0.0404632999678562,CYCLIN
Clathr,14,979,261048.0,0.35962723460258705,0.05812539520404689,493416,-1.2925351232043998,-0.5982566592057342,-4.187846090104012,-4.612388070431667,CM_Low,0.5846848397405312,,Clathr,CM_Low,0.0038246420661971,0.1257284932266321,0.9757322131453802,0.9998849800444912,0.0055177921420779,Clathr
DLG,13,980,201521.0,0.0654753345558685,-0.12122361765218909,458640,-3.468631120564066,-0.5700985270611659,-6.0899306216436395,-4.562826867996977,CM_Low,0.18753638773298636,,DLG,CM_Low,-0.0050653084956206,0.1141988511036007,0.964621302304102,0.9998849800444912,-0.0073076954472046,DLG
EVH1,12,981,235523.0,0.10338778422458776,0.1115028127005701,423792,2.959585013779995,-0.6516858116744499,-2.8449796144558235,-4.650732248407625,CM_Low,0.25120668233081656,,EVH1,CM_Low,0.0017570997297244,0.1401544033486903,0.989997274518136,0.9998849800444912,0.0025349590664207,EVH1
FHA,402,591,4269577.5,0.9157055730458203,-0.001613127257115438,8552952,-1.2764483017532529,-0.15339516714461546,-4.555594532142408,-4.674284137006311,CM_Low,0.947948727026307,,FHA,CM_Low,-0.0486736569872741,0.0279780727320821,0.0819104292821136,0.9998849800444912,-0.0702212435574707,FHA
GBD,11,982,165824.0,0.03950110873274864,-0.14715381925157892,388872,-5.169141579426301,-0.5569533642704543,-5.973999549185164,-4.562826867996977,CM_Low,0.13991958996901324,,GBD,CM_Low,0.0003285966857886,0.1422283234693185,0.9981566119695084,0.9998849800444912,0.0004740648090397,GBD
IRF7,17,976,266477.0,0.0617067879811286,-0.10774603557269903,597312,-3.7953441228070646,-0.55252859733561,-6.850318334242342,-4.561961068416741,CM_Low,0.183250461277291,,IRF7,CM_Low,-0.0085392800940932,0.1011827106318241,0.93274265573198,0.9998849800444912,-0.0123195770445101,IRF7
Integrin,11,982,182102.0,0.37478934408309084,-0.0634347548807834,388872,-5.405714105529734,-0.5543033665238781,-5.430519578108873,-4.599555128871515,CM_Low,0.5959636395468912,,Integrin,CM_Low,-0.0070729447594878,0.1284280109132858,0.9560801270034376,0.9998849800444912,-0.0102041023289947,Integrin
LIR,412,581,4240129.5,0.2945679668873703,-0.015913515365205622,8617392,-0.7848951380133254,-0.48263677147295253,-4.681990266855479,-4.523710913298039,CM_Low,0.5071892323794766,,LIR,CM_Low,-0.0318841938403727,0.0315077427451293,0.311562968896066,0.9998849800444912,-0.0459991683362482,LIR
LYPXL,12,981,203224.0,0.5500047396035815,-0.04092573715407558,423792,-1.9053413485870105,-0.5921760090766883,-4.710616720576454,-4.609947472859421,CM_Low,0.7316805133187918,,LYPXL,CM_Low,0.0041273501791761,0.1274998031591155,0.974175850939788,0.9998849800444912,0.0059545076355095,LYPXL
MAPK,271,722,3705368.5,0.0019231030206081825,0.05208883460025736,7043832,1.0183467010522664,-1.2185051482997782,-3.7989170989313896,-4.944641748840072,CM_Low,0.01879192018740574,*,MAPK,CM_Low,0.0258889848166301,0.0320127740378116,0.4186831551074675,0.9998849800444912,0.0373499100086019,MAPK
MSH2,28,965,435327.0,0.02023447976372479,-0.1049284480631631,972720,-4.122105672443403,-0.5060826966413058,-6.086586616667585,-4.536903333963695,CM_Low,0.09295214141461076,,MSH2,CM_Low,-0.0110796196423002,0.0858258833097412,0.8972831491626518,0.9998849800444912,-0.0159845123128825,MSH2
MYND,25,968,420176.0,0.4583729674771354,-0.035408631772268134,871200,-3.540610782215114,-0.532307325962704,-4.739326970298109,-4.599555128871515,CM_Low,0.6541827788265914,,MYND,CM_Low,-0.0030065201642788,0.098049967863984,0.975538185131328,0.9998849800444912,-0.0043374917313378,MYND
NRBOX,26,967,414804.0,0.07496400469451452,-0.083419510513616,905112,-1.889053183307036,-0.5736022526590409,-6.789927885132187,-4.525007604744969,CM_Low,0.20791903188855912,,NRBOX,CM_Low,0.0010199021890017,0.0856567947941076,0.9904999365875776,0.9998849800444912,0.0014714078302646,NRBOX
NRP,32,961,613650.0,0.010352637245056811,0.10859998265695456,1107072,0.29757198117922873,-0.6382008995681694,-2.3400078812954455,-4.706616759039083,CM_Low,0.06087350700093405,,NRP,CM_Low,0.0037286571663238,0.0755862661168835,0.9606564527293456,0.9998849800444912,0.0053793152030305,NRP
PCNA,35,958,572650.0,0.20706650482253108,-0.05118136328992279,1207080,-2.546032980757274,-0.5372417607106167,-5.399315434485404,-4.576695867125666,CM_Low,0.399601531364936,,PCNA,CM_Low,0.0031616870686506,0.0719137589093708,0.9649323177036696,0.9998849800444912,0.0045613502547851,PCNA
PDZ,207,786,2772356.5,0.0037588249086675254,-0.05336255512805279,5857272,-2.1497410576253166,-0.20202590605449727,-5.276869718105219,-4.345806390936639,CM_Low,0.03069707008745146,*,PDZ,CM_Low,-0.0504969517743413,0.0341978108181867,0.1397792500779701,0.9998849800444912,-0.0728517019048513,PDZ
PP1,77,916,1346540.5,0.0302012715475986,0.060622207729194626,2539152,1.1857124172924223,-0.7588303681427859,-3.765650375441792,-4.739326970298109,CM_Low,0.11838898446658651,,PP1,CM_Low,0.0109270196632411,0.0509225439054127,0.8300938667470665,0.9998849800444912,0.0157643570798542,PP1
PP2A,56,937,1039104.5,0.002008370912349721,0.10016823787501482,1888992,3.091294563223622,-0.8291368800723566,-2.9878965164724764,-4.782779395278277,CM_Low,0.01879192018740574,*,PP2A,CM_Low,-0.0114783230094685,0.0678578301579143,0.865676674661282,0.9998849800444912,-0.016559719683482,PP2A
PP2B,32,961,633886.0,0.0006105538750424338,0.14515767718811423,1107072,5.344929744841728,-0.8062710852468372,-2.648114678118704,-4.722196303555986,CM_Low,0.007804471272281545,**,PP2B,CM_Low,0.0186983717175798,0.0972798880353745,0.8475760669818868,0.9998849800444912,0.0269760481496508,PP2B
PP4,66,927,1130602.5,0.37522178274480467,0.026629564250923474,2202552,-0.4859665770238912,-0.6167367497343027,-3.867328472785811,-4.689114252355732,CM_Low,0.5959636395468912,,PP4,CM_Low,0.0002272542719898,0.0597704604298103,0.9969663570127336,0.9998849800444912,0.0003278586112205,PP4
PTB,46,947,764765.0,0.4880514214921362,-0.024678746511995673,1568232,-0.5835220087656303,-0.60923627104969,-4.649846883406072,-4.6066632130092176,CM_Low,0.6865412340607084,,PTB,CM_Low,-0.0132579188243042,0.0665448181966533,0.8420805446284039,0.9998849800444912,-0.0191271337403322,PTB
Pex14,131,862,2058479.5,0.5645654002845106,0.012734207879972212,4065192,0.12051488206344485,-0.7187659056120496,-4.681990266855479,-4.586660429983084,CM_Low,0.737698789705094,,Pex14,CM_Low,-0.0045550327286723,0.0423085555181866,0.9142636446489312,0.9998849800444912,-0.0065715231287425,Pex14
REV1ctd,29,964,513362.0,0.6496970705691556,0.020178534522503618,1006416,2.758672567445582,-0.7093260016008269,-4.614501454608764,-4.609947472859421,CM_Low,0.7915657642086564,,REV1ctd,CM_Low,-0.0018571283753822,0.0785518440165729,0.9811381126787816,0.9998849800444912,-0.0026792698974581,REV1ctd
SH2,452,541,4312489.5,0.17785369118878258,-0.020239682331964732,8803152,-1.1135304460574982,-0.18571718940718332,-4.621427872150669,-4.589429966366245,CM_Low,0.38331204454863693,,SH2,CM_Low,-0.0280069602772912,0.0298492232622478,0.3481000002327675,0.9998849800444912,-0.0404055027024222,SH2
SH3,231,762,3234107.0,0.2414393797638804,0.020739516146340294,6336792,-0.1996496602950473,-0.731849986298057,-3.8829110631215644,-4.908726971068287,CM_Low,0.43816776327519036,,SH3,CM_Low,-0.0304580636139638,0.0355131955848884,0.3910830907973442,0.9998849800444912,-0.0439416973309462,SH3
SUMO,105,888,1676099.5,0.9566358725887687,-0.0013230492397159064,3356640,-1.9098751957238633,-0.45411246118949283,-4.521086638498426,-4.64748483153394,CM_Low,0.9664980980793746,,SUMO,CM_Low,-0.0132275513519366,0.0453748521141822,0.7706557656427186,0.9998849800444912,-0.019083322738543,SUMO
TRAF2like,45,948,790815.0,0.40626490817238325,0.029867948116893264,1535760,-1.4072131050063577,-0.5701098854029423,-3.5367991932442937,-4.68016910732635,CM_Low,0.612522476936824,,TRAF2like,CM_Low,-0.0078629905685906,0.0738236843642841,0.9151773998540764,0.9998849800444912,-0.0113438974998623,TRAF2like
TRAF4,32,961,578406.0,0.2888368277067447,0.044929327089836976,1107072,-1.0722359042858456,-0.5925881500001337,-3.454923874694759,-4.665090296010206,CM_Low,0.5024735345904315,,TRAF4,CM_Low,-0.0096287402788609,0.075911198924768,0.8990653280349941,0.9998849800444912,-0.0138913358503204,TRAF4
TRAF6,30,963,525284.5,0.8168254117085398,0.010123649090419599,1040040,-1.9758089123245937,-0.5654356113370069,-3.7771033331612016,-4.650732248407625,CM_Low,0.8894321149715212,,TRAF6,CM_Low,-0.0032469157886865,0.0909091585607409,0.9715087749827728,0.9998849800444912,-0.004684309306522,TRAF6
TRFH,11,982,176629.0,0.2000589655050521,-0.09158283445452488,388872,1.7700195081155976,-0.6346832746197018,-6.277961621574205,-4.576695867125666,CM_Low,0.3947472205267471,,TRFH,CM_Low,-7.362348792589951e-05,0.1527930255736158,0.99961553845907,0.9998849800444912,-0.0001062162409236,TRFH
TYR,88,905,1399120.5,0.36194775793461453,-0.02399652603381885,2867040,-2.507746316066571,-0.42332274615847193,-4.565583269824193,-4.61540108619052,CM_Low,0.5846848397405312,,TYR,CM_Low,-0.0015964012046592,0.0573507017156384,0.9777931330249297,0.9998849800444912,-0.002303120101231,TYR
UBA3,92,901,1440804.0,0.1830630764676744,-0.03434991716128617,2984112,-1.5875758852080002,-0.5080263925062589,-5.19646388628349,-4.5594234451007924,CM_Low,0.38719816173738325,,UBA3,CM_Low,0.0030373258781644,0.045622997428257,0.9469204880016024,0.9998849800444912,0.0043819349819915,UBA3
USP7,449,544,4448869.0,0.4290214309783308,0.011886663536981236,8793216,-0.7448074863931518,-0.49516580826608503,-4.195957464889773,-5.029533949205354,CM_Low,0.6275238841175584,,USP7,CM_Low,-0.0407722994494766,0.0269015044464047,0.12961695962822,0.9998849800444912,-0.0588219942213997,USP7
WD40,534,459,4550925.0,0.03571915904414464,0.03150949657155135,8823816,-0.6530220217939694,-0.5557189574058733,-4.266565084735602,-5.192640967814712,CM_Low,0.13126790948723155,,WD40,CM_Low,-0.0393860124589476,0.0279155885563629,0.158275068112911,0.9998849800444912,-0.0568220048549146,WD40
WRC,44,949,697065.0,0.04590004340828464,-0.07256841332183799,1503216,-3.9176337454667562,-0.4545973406604196,-5.382610272778946,-4.556599134923928,CM_Low,0.15315325594449208,,WRC,CM_Low,-0.024636191807113,0.0690306571865431,0.7211758853309134,0.9998849800444912,-0.0355425117465112,WRC
WW,254,739,3587107.0,0.000321214924893475,0.06168008599736941,6757416,-0.2817887264919807,-0.720181900620179,-3.449754254765214,-5.314178967395899,CM_Low,0.005526988705164537,**,WW,CM_Low,-0.0329268602942652,0.0369682339907327,0.3731009595740938,0.9998849800444912,-0.0475034180585802,WW
deltaCOP1,14,979,269251.0,0.14983278294512112,0.09137522901567846,493416,-0.13931905158563035,-0.6147480024158087,-2.4026960299474975,-4.655346300312894,CM_Low,0.33885260142973544,,deltaCOP1,CM_Low,0.0032804791429312,0.1243824194575566,0.9789589215550764,0.9998849800444912,0.0047327309912465,deltaCOP1
eIF4E,14,979,248953.0,0.8859826857074151,0.009099826515556853,493416,0.965406714899494,-0.6305459194033384,-5.264730623008894,-4.589429966366245,CM_Low,0.9297038077393421,,eIF4E,CM_Low,-0.0034114869240727,0.1115570649983192,0.9756039785395674,0.9998849800444912,-0.0049217352674172,eIF4E
14-3-3,393,600,4501263.5,7.613953956134054e-05,0.060518212232588825,8488800,-0.9461908675684152,-2.515357992033853,-5.3054057715237946,-6.530509427853559,EM_High,0.0020306346170575183,**,ELM_14_3_3,EM_High,0.0079121742402095,0.0266180567829065,0.7662768886801623,0.9998849800444912,0.0114148545389997,14-3-3
ANK,16,977,273224.0,0.6258178894023025,-0.028971909473444784,562752,-4.741921470526408,-1.8476940252264853,-3.8605517577147426,-5.994898418988062,EM_High,0.7801733651118551,,ANK,EM_High,-0.0017825910651922,0.1145595414063692,0.9875851065935723,0.9998849800444912,-0.0025717352896858,ANK
APCC,38,955,569773.0,0.001052226936548885,-0.1277471602216711,1306440,-7.745429790628201,-1.6615093969956307,-7.928506127901291,-5.885573809128626,EM_High,0.012374188773814887,*,APCC,EM_High,-0.0057820609293679,0.0723601936253179,0.9363114979144346,0.9998849800444912,-0.0083417506289169,APCC
Actin,26,967,434561.0,0.3960065326419647,-0.039763034850935575,905112,-6.579588871411137,-1.7683541835760177,-5.520125408683752,-5.981200135785887,EM_High,0.609559793700197,,Actin,EM_High,-0.0020344845690758,0.0857549887192693,0.9810724531909392,0.9998849800444912,-0.0029351407985708,Actin
Arc,147,846,2367826.0,0.006098209405240487,0.057765948512317984,4477032,-2.033779014355511,-1.870097270761748,-4.745323369946744,-6.1987454061924865,EM_High,0.04268746583668341,*,Arc,EM_High,-0.0169894727326347,0.0406756571991173,0.6761799422163701,0.9998849800444912,-0.0245106280586903,Arc
BIR,163,830,2253190.5,0.00021445354060488435,-0.07474868800354793,4870440,-4.164199001798492,-1.4485582757608968,-7.178210625424411,-5.7466232355498486,EM_High,0.004503524352702571,**,BIR,EM_High,-0.0118721595969358,0.0343561523306992,0.7296723700446623,0.9998849800444912,-0.0171279057751416,BIR
BRCT,103,890,1762325.0,0.0055507646641250056,0.0680369198695805,3300120,2.361188857503983,-2.3868205151658533,-4.826215980516406,-6.165871271401027,EM_High,0.04079812028131879,*,BRCT,EM_High,0.0066799042968901,0.0480436968654332,0.88942004251594,0.9998849800444912,0.0096370648027362,BRCT
CDC14,12,981,210140.0,0.9036815418131376,-0.008287084229999622,423792,-6.552924652518576,-1.83734221237969,-4.225522913355512,-5.994898418988062,EM_High,0.9421360755073138,,CDC14,EM_High,-0.0015319363476139,0.149470774659435,0.9918225689016904,0.9998849800444912,-0.0022101169716602,CDC14
CKS1,45,948,733257.5,0.20995024855800537,-0.04508842527478252,1535760,-5.764953452757176,-1.7105958869204911,-6.536649442402784,-5.951607722879723,EM_High,0.399601531364936,,CKS1,EM_High,-0.0088657657470817,0.0709080189345919,0.9004982801536422,0.9998849800444912,-0.012790596276998,CKS1
CSL,10,983,173272.0,0.7820413496891814,-0.020730191025206283,353880,-6.52158779397844,-1.8472552677872986,-3.786473306615153,-5.981200135785887,EM_High,0.8676232332400728,,CSL,EM_High,0.0012550279012601,0.1470583304600644,0.9931907616020108,0.9998849800444912,0.0018106225293252,CSL
CYCLIN,139,854,2225510.5,0.05389264863437927,0.041560428472210524,4273416,-1.1114032382634973,-2.021759667512966,-5.393775366303142,-6.065925847234553,EM_High,0.1685578584947607,,CYCLIN,EM_High,0.0096931581418422,0.0401483485935548,0.8092191161296273,0.9998849800444912,0.0139842711817882,CYCLIN
Clathr,14,979,231012.0,0.31600400683350927,-0.06362177148694002,493416,-6.3066828900075995,-1.8312300773387051,-7.827410777337485,-5.9475799472079895,EM_High,0.5339378046497225,,Clathr,EM_High,-0.0020030730235083,0.1173953196709298,0.9863866506924122,0.9998849800444912,-0.002889823517554,Clathr
DLG,13,980,227647.0,0.9117558584456389,-0.007295482295482296,458640,-4.183895948775643,-1.8639562845312398,-6.1457072530471475,-5.956425685278022,EM_High,0.9471951320954693,,DLG,EM_High,0.0024198135810654,0.1153408095538271,0.9832618630055044,0.9998849800444912,0.0034910530532788,DLG
EVH1,12,981,235726.0,0.10045736984664408,0.1124608298410541,423792,-0.08840149822820385,-1.9164189482119882,-4.505014752610305,-5.975512479211132,EM_High,0.2481887960917089,,EVH1,EM_High,0.0006793548498044,0.1332064011967808,0.995930793180231,0.9998849800444912,0.0009801018728167,EVH1
FHA,402,591,4423658.0,0.023921292257160106,0.0344166552086344,8552952,-1.8484441587421194,-1.9255385014557813,-5.555549591524816,-6.422284096715975,EM_High,0.10294694136114764,,FHA,EM_High,-0.0091338083960289,0.0269617443202232,0.7347836099491843,0.9998849800444912,-0.0131773000773809,FHA
GBD,11,982,165702.0,0.03866752696022359,-0.14778127507251743,388872,-8.230151840792251,-1.8233565538961143,-7.503466235946346,-5.949631882358791,EM_High,0.13863723080860652,,GBD,EM_High,-0.0005676963884507,0.13661735193618,0.9966844996363272,0.9998849800444912,-0.0008190127643484,GBD
IRF7,17,976,294235.0,0.7974337172631056,-0.014802984035144112,597312,-4.6066630375475714,-1.84708456407417,-7.15212513032485,-5.949631882358791,EM_High,0.8720680134303134,,IRF7,EM_High,-5.278415130770803e-05,0.1005512086424428,0.99958115215105,0.9998849800444912,-7.615143332916308e-05,IRF7
Integrin,11,982,212339.0,0.1976443719710287,0.0920765701824765,388872,-2.920694480102374,-1.8828311271828644,-5.113214841984632,-5.975512479211132,EM_High,0.3947472205267471,,Integrin,EM_High,-0.0008920478484007,0.1278473839261466,0.994432851039362,0.9998849800444912,-0.0012869530071234,Integrin
LIR,412,581,4248933.0,0.3609395930423709,-0.013870321786452328,8617392,-2.690013902902042,-1.3300896354200644,-5.971950866977272,-5.953903750741219,EM_High,0.5846848397405312,,LIR,EM_High,-0.017611047483445,0.0301022844520158,0.5585206650516616,0.9998849800444912,-0.0254073708692262,LIR
LYPXL,12,981,179189.0,0.02416101685006526,-0.15435402272813079,423792,-6.441432227154588,-1.8387060340966805,-11.321083113986248,-5.949631882358791,EM_High,0.10294694136114764,,LYPXL,EM_High,-0.0004617175775771,0.1193150283520973,0.9969124056521544,0.9998849800444912,-0.0006661176594618,LYPXL
MAPK,271,722,3599793.5,0.18791702730837734,0.022112253671013164,7043832,-1.9390229235137297,-1.8775520691170056,-5.746870500591626,-6.074326433064162,EM_High,0.39221620385498646,,MAPK,EM_High,-0.0216080437649317,0.0309049059225102,0.4844405255894676,0.9998849800444912,-0.0311738175829786,MAPK
MSH2,28,965,452572.0,0.12421341604716749,-0.06947117361625134,972720,-6.252885742484773,-1.7678621817462434,-6.9025323087415345,-5.944265335497775,EM_High,0.2921499545429379,,MSH2,EM_High,-0.0023757122551022,0.0842654429391811,0.9775080628681944,0.9998849800444912,-0.0034274282890151,MSH2
MYND,25,968,449672.0,0.49870585428404923,0.0323048668503214,871200,-2.9067069277876425,-1.8681819555578594,-4.832972353895423,-6.022167645290494,EM_High,0.6916015149033513,,MYND,EM_High,0.0053725441750505,0.0961036988975287,0.9554185910500672,0.9998849800444912,0.0077509428383023,MYND
NRBOX,26,967,396217.0,0.007874435026338457,-0.12449067076781659,905112,-6.479625331705455,-1.7710419312826853,-8.303405584394222,-5.900676782372848,EM_High,0.05207538253402898,,NRBOX,EM_High,-0.0066067681877288,0.0810750733162371,0.9350526650782832,0.9998849800444912,-0.0095315517007394,NRBOX
NRP,32,961,556821.0,0.888594455696446,0.005934573361082206,1107072,-3.613918392204995,-1.8370680724496766,-5.140866171991076,-5.975512479211132,EM_High,0.9297038077393421,,NRP,EM_High,-0.0047196274801985,0.0723241866763953,0.9479697303016336,0.9998849800444912,-0.0068089831605257,NRP
PCNA,35,958,542561.0,0.012750978719959623,-0.10103555688106837,1207080,-7.177582934276751,-1.7013073105167147,-7.116297869991643,-5.9227436445137425,EM_High,0.06815977715760234,,PCNA,EM_High,-0.0057198721123473,0.0687427513417535,0.933687016231816,0.9998849800444912,-0.0082520311310025,PCNA
PDZ,207,786,3099127.0,0.0015710312078158247,0.05821515545120664,5857272,-0.16663810134474424,-2.3493304315475023,-5.376055363422285,-6.163143623982158,EM_High,0.01687751093750637,*,PDZ,EM_High,0.0225433119184137,0.0330033723105088,0.4945683854904696,0.9998849800444912,0.0325231243099085,PDZ
PP1,77,916,1269089.0,0.9890687733276179,-0.00038359263250092944,2539152,-4.527050824189833,-1.6730184418254166,-5.408524095361273,-6.025967520462305,EM_High,0.9890687733276179,,PP1,EM_High,-0.0027430965575248,0.0486576543787215,0.9550427237957236,0.9998849800444912,-0.0039574518002207,PP1
PP2A,56,937,1075804.5,1.8088863303336692e-05,0.13902494028561263,1888992,-0.07879003809235131,-2.0028341131713203,-3.361622200653098,-6.163143623982158,EM_High,0.0006647657263976235,***,PP2A,EM_High,0.0012249612183343,0.0657131916038938,0.9851274756510788,0.9998849800444912,0.0017672454749722,PP2A
PP2B,32,961,609563.0,0.01687070350174911,0.10121654237484103,1107072,-2.7071514003189474,-1.8672621866435923,-3.394822089349887,-6.036152313551134,EM_High,0.08131125950023341,,PP2B,EM_High,0.0023889284356919,0.0863349242589245,0.9779249715514828,0.9998849800444912,0.0034464952072113,PP2B
PP4,66,927,1163657.5,0.05926482765458314,0.05664474663935289,2202552,-1.9932887075039738,-1.8872823640554872,-4.574151344055267,-6.097982589639048,EM_High,0.1796274157778087,,PP4,EM_High,-0.0038965687548446,0.0571556748721843,0.945646597676439,0.9998849800444912,-0.0056215604190973,PP4
PTB,46,947,784723.0,0.9826605446000954,0.0007741201556912498,1568232,-3.873546719058113,-1.7981886558585278,-5.408140652243891,-5.986694372889616,EM_High,0.9860143348547031,,PTB,EM_High,-0.008184153875579,0.0642606278906745,0.898656455247452,0.9998849800444912,-0.0118072382101701,PTB
Pex14,131,862,2029348.0,0.942379820438374,-0.0015979565048834102,4065192,-1.1475748674696313,-2.007813803406238,-5.888326181694147,-5.968104028669908,EM_High,0.9586839695809063,,Pex14,EM_High,-0.0045399832236944,0.0403089327114597,0.9103241332416014,0.9998849800444912,-0.006549811282543,Pex14
REV1ctd,29,964,596012.0,3.3065561190066256e-05,0.18442473092637637,1006416,9.293439827890268,-2.2308895862899547,-4.0816807856340365,-6.062161031392989,EM_High,0.0010801416655421643,**,REV1ctd,EM_High,0.0108312848469243,0.0777284952120512,0.8891754206021935,0.9998849800444912,0.0156262409351135,REV1ctd
SH2,452,541,4445270.5,0.5087048638160279,0.009927012506429515,8803152,-2.8058039662138885,-1.1327992854824789,-5.675517668161753,-6.390160453308887,EM_High,0.7021560092108554,,SH2,EM_High,-0.012127715368904,0.0287772357818614,0.6734379478805763,0.9998849800444912,-0.0174965948200307,SH2
SH3,231,762,3423819.0,5.2805373876916285e-06,0.08061586998594873,6336792,-0.8999892142166855,-2.19576154552578,-4.768122497979677,-6.53749931760872,EM_High,0.0003881194979953347,***,SH3,EM_High,-0.0113395871752328,0.0342430215232198,0.7405309518539791,0.9998849800444912,-0.0163595661834364,SH3
SUMO,105,888,1657730.5,0.6140523454251984,-0.012267922684589351,3356640,-4.531540719848117,-1.5824955299444214,-6.179418149326786,-5.951607722879723,EM_High,0.7781525411853807,,SUMO,EM_High,-0.0134170722557438,0.043598994258229,0.7582816155729043,0.9998849800444912,-0.0193567436066105,SUMO
TRAF2like,45,948,836164.5,0.013411849204138524,0.08892600406313486,1535760,-3.119640633024689,-1.83616453342678,-4.0404931069351315,-6.099708535708571,EM_High,0.06917690642134607,,TRAF2like,EM_High,-0.0053703227118274,0.0702414361427988,0.939056958638198,0.9998849800444912,-0.0077477379443268,TRAF2like
TRAF4,32,961,603219.0,0.03409521675891586,0.0897556798473812,1107072,-0.06792142146339349,-1.9551449747012177,-4.291846517670356,-6.031564734204805,EM_High,0.12863016966934024,,TRAF4,EM_High,0.0029574281840178,0.0751246016374462,0.9685978110063798,0.9998849800444912,0.0042666669748677,TRAF4
TRAF6,30,963,570429.5,0.026545971399951067,0.09693761778393138,1040040,-3.0080834622836803,-1.8596316742535706,-3.3752415665543096,-6.022167645290494,EM_High,0.10839604988313352,,TRAF6,EM_High,0.0004449002759024,0.0873858513395167,0.9959378146202628,0.9998849800444912,0.0006418554217346,TRAF6
TRFH,11,982,189951.0,0.7469136407794081,-0.023066716040239462,388872,-4.908946711090976,-1.8605594626809556,-6.449569429247845,-5.953903750741219,EM_High,0.8611474917221411,,TRFH,EM_High,-0.0001013078799171,0.1450867832557254,0.999442871467054,0.9998849800444912,-0.0001461563759594,TRFH
TYR,88,905,1395412.5,0.3125282253820517,-0.02658316591327641,2867040,-5.970861662726098,-1.4979358893423227,-5.594765227387679,-6.016761987655723,EM_High,0.5311173309960879,,TYR,EM_High,0.0029205268525925,0.0553666140688913,0.9579319930169647,0.9998849800444912,0.0042134296070183,TYR
UBA3,92,901,1364863.0,0.0009526970796412587,-0.08524680038818919,2984112,-3.5269020008115675,-1.7276279934517587,-7.30127105960303,-5.812262854269928,EM_High,0.011670539225605419,*,UBA3,EM_High,-0.0017741581464216,0.0442084371606327,0.9679881579008898,0.9998849800444912,-0.0025595691595953,UBA3
USP7,449,544,4586187.5,0.004118600492240278,0.043119491207767445,8793216,-1.0570096971139533,-2.5854236253134806,-5.284948963427384,-6.710778562891926,EM_High,0.031864961703122155,*,USP7,EM_High,-0.0202161270405172,0.0259884858809112,0.4366351399508918,0.9998849800444912,-0.0291657062273354,USP7
WD40,534,459,4703152.0,1.0835567512511139e-05,0.06601316255914674,8823816,-2.428860245501162,-1.2724541069217388,-5.308154232214665,-7.20730595310395,EM_High,0.0005309428081130457,***,WD40,EM_High,-0.0120645165889282,0.0269396464132523,0.6542722807885186,0.9998849800444912,-0.0174054182535693,WD40
WRC,44,949,802393.0,0.06306049785580053,0.06756846654106928,1503216,-3.5055895259766583,-1.81962262068675,-5.590645365999233,-6.008104017500315,EM_High,0.18539786369605354,,WRC,EM_High,0.0034504294328618,0.068721513116866,0.9599559442235104,0.9998849800444912,0.0049779174317271,WRC
WW,254,739,3785993.5,2.051794174689155e-12,0.12054474669015494,6757416,-1.4029799353819454,-2.063208257899438,-3.787902830283983,-6.933188532857386,EM_High,6.032274873586116e-10,***,WW,EM_High,-0.0127038198315699,0.0353933544700356,0.7196456995100917,0.9998849800444912,-0.0183277378713529,WW
deltaCOP1,14,979,242150.0,0.7709329099217413,-0.01847528252022634,493416,-7.0653013021451,-1.8203816015778012,-4.500858528832591,-5.975512479211132,EM_High,0.8644105565385074,,deltaCOP1,EM_High,-0.004653007183237,0.1133293973195755,0.9672501584318276,0.9998849800444912,-0.0067128703884767,deltaCOP1
eIF4E,14,979,266817.0,0.19892271472101997,0.08150931465538207,493416,-2.9466097813426786,-1.8792801524370801,-5.51677077697601,-5.968104028669908,EM_High,0.3947472205267471,,eIF4E,EM_High,0.0012032039191599,0.1098267867361538,0.9912589755600916,0.9998849800444912,0.0017358563273502,eIF4E
14-3-3,393,600,4299873.0,0.39288636121204923,0.013069691829233813,8488800,-0.4369297329906407,-1.014131078583046,-5.905336764130848,-5.986984683888041,EM_Low,0.6079399484018024,,ELM_14_3_3,EM_Low,-0.0274494969810622,0.0244041931827454,0.2606796910906513,0.9998849800444912,-0.039601253169475,14-3-3
ANK,16,977,276348.0,0.7636094422884533,-0.017869327874445583,562752,2.4607011244317007,-0.8388569602927908,-4.088509713450286,-5.9672818058039105,EM_Low,0.8644105565385074,,ANK,EM_Low,0.0011907054291768,0.1067114646851262,0.991097247448028,0.9998849800444912,0.001717824817833,ANK
APCC,38,955,559906.0,0.0002487309134399426,-0.14285233152689752,1306440,-10.606538590111905,-0.3949147285768554,-8.110810500046014,-5.869914647757681,EM_Low,0.004570430534458945,**,APCC,EM_Low,-0.0074548849166111,0.0675235677538434,0.9120888289805308,0.9998849800444912,-0.0107551254995928,APCC
Actin,26,967,416497.0,0.08897526874969272,-0.07967853702083279,905112,-5.775831803156586,-0.6515205846257273,-6.444370120408035,-5.921034471449187,EM_Low,0.23226520813404058,,Actin,EM_Low,-0.0115519860813793,0.0783820966532033,0.882831761784415,0.9998849800444912,-0.0166659930320242,Actin
Arc,147,846,2307937.5,0.14093678644397917,0.03101228671137486,4477032,-0.7818424858782791,-0.7863607408877572,-4.755700941225403,-6.219512479340222,EM_Low,0.32120476910488277,,Arc,EM_Low,-0.003172582320409,0.0372979139300616,0.9322132265424764,0.9998849800444912,-0.0045770687804661,Arc
BIR,163,830,2305207.0,0.00820159650471517,-0.0533886055469321,4870440,-2.2402452588296398,-0.5000386205131541,-6.819768648114495,-5.826497760265619,EM_Low,0.05207538253402898,,BIR,EM_Low,-0.0250569036408539,0.0314593855629417,0.4257506536236898,0.9998849800444912,-0.0361494706226926,BIR
BRCT,103,890,1697272.0,0.24351858516345382,0.028612292886319286,3300120,-0.28996785455523133,-0.843062183366248,-5.599007051857121,-6.017025196585871,EM_Low,0.4392298407242664,,BRCT,EM_Low,-0.0048654383884087,0.043545655100303,0.91103599229901,0.9998849800444912,-0.007019343834708,BRCT
CDC14,12,981,202480.5,0.5163353037808527,-0.044434533922301504,423792,-10.430682644464476,-0.6677103368823405,-5.181280698317881,-5.969992318550563,EM_Low,0.7078397944470208,,CDC14,EM_Low,-0.0059214163087876,0.1370949736363332,0.9655484228627638,0.9998849800444912,-0.008542797943727,CDC14
CKS1,45,948,746390.0,0.436475051217453,-0.0279861436682815,1535760,-2.3274092181663115,-0.7125090900819256,-5.857253409908969,-5.942239571832964,EM_Low,0.6321362810735526,,CKS1,EM_Low,-0.0020771267912963,0.0657723853430489,0.9748065704200092,0.9998849800444912,-0.0029966605211008,CKS1
CSL,10,983,149803.0,0.04065257247592603,-0.15336837345992993,353880,-8.79987459262893,-0.7041640755736116,-7.352719148678427,-5.917337101691669,EM_Low,0.14081511413046507,,CSL,EM_Low,-0.0060492982627647,0.1337473649605522,0.9639245486481262,0.9998849800444912,-0.0087272926045488,CSL
CYCLIN,139,854,2068502.5,0.13871791068295183,-0.03192083335673382,4273416,-4.121391301553073,-0.2427618750576953,-6.139445268269652,-5.917337101691669,EM_Low,0.318617701099905,,CYCLIN,EM_Low,-0.048111966623705,0.0368228155871287,0.1913552798642239,0.9998849800444912,-0.0694108956554345,CYCLIN
Clathr,14,979,214674.0,0.04071185272479432,-0.12984580962109052,493416,-7.922688155413162,-0.6836306415110981,-9.620851689654238,-5.905055553584599,EM_Low,0.14081511413046507,,Clathr,EM_Low,-0.0027457544417288,0.108844076500735,0.979874304529492,0.9998849800444912,-0.0039612863165811,Clathr
DLG,13,980,226755.0,0.8650649993171191,-0.011185243328100471,458640,5.32648277186082,-0.8667717431115713,-7.671608437414861,-5.9101269839709225,EM_Low,0.9248331265426655,,DLG,EM_Low,0.0010202349710944,0.1055766260237571,0.9922897984778828,0.9998849800444912,0.0014718879333394,DLG
EVH1,12,981,220668.0,0.5454140161202312,0.04139766677992978,423792,-4.42958863135318,-0.741118214718564,-4.0191662334671765,-5.969992318550563,EM_Low,0.7288714579061272,,EVH1,EM_Low,-0.0041932591406259,0.1219441445664813,0.972568773207942,0.9998849800444912,-0.0060495941673433,EVH1
FHA,402,591,4300683.5,0.7103109758532864,0.005660618696328472,8552952,-1.7447593593539334,-0.13333125170028443,-5.758277139866352,-6.100327521737425,EM_Low,0.8386804293207478,,FHA,EM_Low,-0.017465860552947,0.0246859150291829,0.479241326100093,0.9998849800444912,-0.0251979104045948,FHA
GBD,11,982,159992.0,0.013189612618504985,-0.17714826472463946,388872,-9.945236865843189,-0.6830900475467151,-9.031637225309538,-5.905363368328711,EM_Low,0.06917690642134607,,GBD,EM_Low,-0.0005747695349681,0.1239152299412496,0.9962990982323664,0.9998849800444912,-0.0008292171577525,GBD
IRF7,17,976,301118.0,0.8863507267533581,0.008243597985642344,597312,-4.329249030038361,-0.7239700806398539,-6.800052905357655,-5.921034471449187,EM_Low,0.9297038077393421,,IRF7,EM_Low,-0.0058022636199494,0.0921359623179498,0.9497863998674676,0.9998849800444912,-0.0083708969504315,IRF7
Integrin,11,982,221569.0,0.050879210811200726,0.13954720319282438,388872,0.505488304960365,-0.8001551971178343,-2.463639539256673,-5.9672818058039105,EM_Low,0.16259226063579363,,Integrin,EM_Low,0.0017227051474325,0.1190489713699016,0.988454567430776,0.9998849800444912,0.0024853381731148,Integrin
LIR,412,581,4147870.0,0.013951722927356395,-0.037325910205779196,8617392,-2.98826609718556,0.7762024093378678,-5.969992318550563,-5.913973967037843,EM_Low,0.07072080242487552,,LIR,EM_Low,-0.0555139246538883,0.0276560487375197,0.0447179676380227,0.9998849800444912,-0.0800896637984483,LIR
LYPXL,12,981,160573.0,0.0004034496693954137,-0.24220844187714727,423792,-11.854754658379377,-0.6502904957335339,-15.019314522061054,-5.906500771729558,EM_Low,0.005648295371535793,**,LYPXL,EM_Low,-0.0049005890824163,0.1107289899399702,0.9646991427120104,0.9998849800444912,-0.0070700555666366,LYPXL
MAPK,271,722,3604596.0,0.16212263136991312,0.023475858027278335,7043832,-1.2256121730800675,-0.6205694367180763,-5.467778828423233,-6.163895154684299,EM_Low,0.3557018927071228,,MAPK,EM_Low,-0.0305392043220467,0.0282681315173708,0.279990628509603,0.9998849800444912,-0.0440587586281116,MAPK
MSH2,28,965,464734.0,0.32513660510015663,-0.04446500534583436,972720,-5.652849265880049,-0.6444686557207336,-7.381796564979849,-5.872450320650762,EM_Low,0.5431259198832161,,MSH2,EM_Low,-0.0070039553204331,0.0784874073158715,0.928893818564784,0.9998849800444912,-0.0101045716073968,MSH2
MYND,25,968,393768.0,0.044307673202036955,-0.09603305785123967,871200,-7.113565144946431,-0.6222653962721989,-6.915711250779602,-5.902713564870494,EM_Low,0.1497293784068835,,MYND,EM_Low,-0.0182167681540176,0.0846607479790794,0.8296318787591977,0.9998849800444912,-0.0262812410768252,MYND
NRBOX,26,967,415751.0,0.08256102847906871,-0.08132695180264984,905112,-1.2478176901815654,-0.7732665690490473,-8.362085971855603,-5.856328541732669,EM_Low,0.2217773442773349,,NRBOX,EM_Low,-0.0042206986674363,0.0753348871211204,0.95532123974814,0.9998849800444912,-0.006089181036597,NRBOX
NRP,32,961,627501.0,0.0016073819940482256,0.13362274540409297,1107072,2.5763028910545613,-0.8976417530997869,-2.539401933595861,-6.042070383932058,EM_Low,0.01687751093750637,*,NRP,EM_Low,0.0043929091222746,0.0670270000031075,0.9477445399609332,0.9998849800444912,0.0063376282057815,NRP
PCNA,35,958,564797.0,0.11355224091744893,-0.06419292838917057,1207080,-4.14434430554373,-0.6629853669322745,-7.702870487333431,-5.89939641184652,EM_Low,0.269228700239758,,PCNA,EM_Low,-0.0107159314103505,0.063560770704019,0.8661164107687527,0.9998849800444912,-0.0154598211042189,PCNA
PDZ,207,786,2960423.0,0.5556031584515182,0.010853858246637683,5857272,-1.3014215810797907,-0.6498699299384639,-5.835375748749726,-5.969992318550563,EM_Low,0.7357987774087673,,PDZ,EM_Low,0.0054401851991203,0.0301056220090344,0.8566004696180619,0.9998849800444912,0.0078485282082884,PDZ
PP1,77,916,1198126.5,0.04420638192279118,-0.05627823777387096,2539152,-6.220952163391028,-0.32879772449131023,-6.494904464537319,-5.89939641184652,EM_Low,0.1497293784068835,,PP1,EM_Low,-0.0306013663826544,0.0447038145324571,0.4936368213502929,0.9998849800444912,-0.0441484395246818,PP1
PP2A,56,937,1054265.0,0.00033838706358150226,0.1162196557740848,1888992,3.9036357785081544,-1.0659505184755664,-3.6504838385941705,-6.154704303111781,EM_Low,0.005526988705164537,**,PP2A,EM_Low,0.0198329182429081,0.060586835886798,0.7434054569583395,0.9998849800444912,0.0286128527953998,PP2A
PP2B,32,961,574276.0,0.3764082940502669,0.03746820441669557,1107072,-0.9899294064575285,-0.7788910418402794,-3.9943982646279,-6.023664640078543,EM_Low,0.5959636395468912,,PP2B,EM_Low,1.1381429803117376e-05,0.0789521005127839,0.9998849800444912,0.9998849800444912,1.6419932335183293e-05,PP2B
PP4,66,927,1076923.0,0.46151761550871606,-0.022113439319480312,2202552,-4.723767145026664,-0.5053111118051665,-5.671427522025373,-5.978977654782705,EM_Low,0.6554887872442633,,PP4,EM_Low,-0.0128035192028327,0.0524218565369819,0.8070448760940194,0.9998849800444912,-0.0184715736598534,PP4
PTB,46,947,818764.0,0.2143958177699692,0.0441873396283203,1568232,-0.947147997303518,-0.7778492337267031,-4.713742508168348,-6.042070383932058,EM_Low,0.40148006639726713,,PTB,EM_Low,0.0089415223090218,0.0596095270161685,0.8807633809670334,0.9998849800444912,0.0128998898932239,PTB
Pex14,131,862,1956991.5,0.09243207262477125,-0.0371960291174439,4065192,-2.68284809251449,-0.4973769513871823,-6.642018899269777,-5.8237195733799005,EM_Low,0.23226520813404058,,Pex14,EM_Low,-0.0200803563225398,0.0371993388340948,0.589332126242629,0.9998849800444912,-0.0289698304858115,Pex14
REV1ctd,29,964,547483.0,0.047650453752574894,0.08798548512742246,1006416,11.499400507029884,-1.155264156554996,-5.432349922817057,-5.978977654782705,EM_Low,0.15565814892507798,,REV1ctd,EM_Low,0.0036476622329429,0.0694238848506437,0.9580969167361468,0.9998849800444912,0.0052624642143047,REV1ctd
SH2,452,541,4383142.5,0.7804041853678133,-0.004187931777163452,8803152,-1.5350193224971456,-0.15963641117641356,-5.754809792204003,-6.209085829275443,EM_Low,0.8676232332400728,,SH2,EM_Low,-0.0280272914451966,0.0263526097147133,0.2875330609724404,0.9998849800444912,-0.0404348343775349,SH2
SH3,231,762,3296844.0,0.022033735951944883,0.04054038699707991,6336792,-0.4531591890040731,-0.8864990282876752,-4.94711415299961,-6.351261329574123,EM_Low,0.09815027833139084,,SH3,EM_Low,-0.0205329209306039,0.0313588306534696,0.5126138077968013,0.9998849800444912,-0.0296227432015475,SH3
SUMO,105,888,1623817.0,0.18188972195680608,-0.03247473664140331,3356640,-4.649515757805296,-0.3288208081594519,-6.211223970253149,-5.908895774922557,EM_Low,0.38719816173738325,,SUMO,EM_Low,-0.0231348095741966,0.0402951436452781,0.5658771679154726,0.9998849800444912,-0.0333764750446039,SUMO
TRAF2like,45,948,781963.0,0.6100910832418427,0.018340105224774705,1535760,-3.0979379905519226,-0.6759333572155198,-4.90626511414824,-6.008639508578109,EM_Low,0.7781525411853807,,TRAF2like,EM_Low,-0.0132588243676635,0.0649486194792803,0.8382415319849732,0.9998849800444912,-0.0191284401632459,TRAF2like
TRAF4,32,961,579066.0,0.2762308191133831,0.04612166146375304,1107072,-0.7837639846410509,-0.7857560714949386,-5.491599436038708,-5.992188910581224,EM_Low,0.4868297520376934,,TRAF4,EM_Low,-0.0213858580886748,0.0680304974163094,0.7532499666247101,0.9998849800444912,-0.0308532714096862,TRAF4
TRAF6,30,963,558459.0,0.0907611648440317,0.07391831083419868,1040040,-0.6851772502389434,-0.7888231720747468,-3.647194031316259,-6.023664640078543,EM_Low,0.23226520813404058,,TRAF6,EM_Low,0.0058273874502861,0.08113357817179,0.9427414890166644,0.9998849800444912,0.0084071429758664,TRAF6
TRFH,11,982,179883.0,0.29499781883296083,-0.07484725050916496,388872,-6.822346068626899,-0.7180715126886492,-6.959731240781254,-5.913797719914783,EM_Low,0.5071892323794766,,TRFH,EM_Low,-0.0008549362099415,0.1337336242085849,0.994899295071578,0.9998849800444912,-0.0012334122303591,TRFH
TYR,88,905,1283005.5,6.635263859112172e-05,-0.10499644232379039,2867040,-8.832664662309268,-0.003223803239706257,-7.180919474652217,-5.845493502566293,EM_Low,0.0019507675745789785,**,TYR,EM_Low,-0.001732532265217,0.0510496137506329,0.97292642740629,0.9998849800444912,-0.0024995157072088,TYR
UBA3,92,901,1418790.0,0.05700790302922792,-0.0491040550756808,2984112,-4.768751313314972,-0.37898658311894784,-7.221124070533418,-5.862008182113286,EM_Low,0.17458670302701051,,UBA3,EM_Low,-0.0188080016261946,0.0408285401830461,0.6450438524402065,0.9998849800444912,-0.0271342106751426,UBA3
USP7,449,544,4610360.0,0.0012175401722394489,0.0486174796570447,8793216,-0.06866446581594977,-1.3775031012201986,-5.366526320383476,-6.642309538031666,EM_Low,0.013767569639938384,*,USP7,EM_Low,-0.0348200228950858,0.0238408681783366,0.1441476975852919,0.9998849800444912,-0.0502346743543805,USP7
WD40,534,459,4458867.0,0.47807756427015036,0.01064369429280937,8823816,-1.2945971083682921,-0.19363219247599395,-5.717835591918046,-6.412929835141016,EM_Low,0.6757442494972318,,WD40,EM_Low,-0.0320922149426529,0.0246612117259351,0.1931477385289856,0.9998849800444912,-0.0462992793489081,WD40
WRC,44,949,783846.0,0.2380298428297477,0.04289203946738193,1503216,-1.6143684549579627,-0.7472706219146461,-5.8402861849890915,-5.941683099179887,EM_Low,0.4346631912543219,,WRC,EM_Low,0.0163173659725695,0.0628653523219962,0.7952027633408154,0.9998849800444912,0.0235409829689963,WRC
WW,254,739,3635274.0,9.464336837983166e-06,0.07593612706395463,6757416,-0.47255145149245764,-0.8933206543113199,-4.195605208454771,-6.896347075650263,EM_Low,0.0005309428081130457,***,WW,EM_Low,0.0033676492962445,0.0324344900432259,0.9173048410260513,0.9998849800444912,0.0048584909391452,WW
deltaCOP1,14,979,258920.0,0.43531504589470316,0.04949981354475737,493416,1.815861193540187,-0.8228948814348436,-4.211594287729502,-5.9672818058039105,EM_Low,0.6321362810735526,,deltaCOP1,EM_Low,-0.0009505125018683,0.1083259418703087,0.9929990036992492,0.9998849800444912,-0.0013712996727484,deltaCOP1
eIF4E,14,979,260536.0,0.3770382209378291,0.05605006728602234,493416,0.8989207512419213,-0.8097823521272075,-5.453594535231478,-5.940688001778986,EM_Low,0.5959636395468912,,eIF4E,EM_Low,-0.0024604334057524,0.1007092609447447,0.9805087780981636,0.9998849800444912,-0.0035496550729165,eIF4E
